id,collection,dc.contributor.advisor[],dc.contributor.author,dc.contributor.author[],dc.date.accessioned,dc.date.accessioned[],dc.date.available,dc.date.available[],dc.date.issued,dc.date.issued[],dc.date[],dc.description.abstract[],dc.description.abstract[es_MX],dc.description.provenance[en],dc.format[es_MX],dc.identifier.uri,dc.identifier.uri[],dc.language.iso[es_MX],dc.subject[],dc.subject[es_MX],dc.title[es_MX],dc.type[es_MX],dcterms.title[]
11022d40-7f2a-49f8-92b3-32c5e723c884,20.500.11972/135,"Farrés González-Saravia, Amelia",,"Gálvez Cruz, Yarla",,2018-09-04T21:15:46Z,,2018-09-04T21:15:46Z,,2003,,"La sociedad ha incrementado su preocupación por mantener una adecuada nutrición e imitar el consumo de grasas en la dieta directa. En esta investigación se presenta un producto pensado para un sector de la población que requiere un tipo de alimentación especial. Este tipo de lípidos se encuentran en productos de origen animal, por lo que se planteó este proyecto para desarrollar un producto nutrimentalmente adecuado para el consumo con enfermedades coronarias. En una encuesta, los pacientes expresaron el deseo de consumir quesos, el cual están prohibidos en sus dietas. Al conocer la posibilidad de obtener productos semejantes, manifestaron su interés de adquirirlo. Dicha información llevó al resultado de un análogo de queso con bajo contenido de grasa saturada pero que mantiene su calidad proteínica y de calcio.",Licenciatura en Química de Alimentos - Universidad Nacional Autónoma de México. Donado y autorizado por la autora para consulta en este repositorio.,"Submitted by Lesly Montalvo (leslymontalvof@hotmail.com) on 2018-09-04T21:15:46Z
No. of bitstreams: 1
Tesis Yarla Galvez Cruz.pdf: 35119683 bytes, checksum: ef264644a85b6428d8dd47b9ddde2323 (MD5)||Made available in DSpace on 2018-09-04T21:15:46Z (GMT). No. of bitstreams: 1
Tesis Yarla Galvez Cruz.pdf: 35119683 bytes, checksum: ef264644a85b6428d8dd47b9ddde2323 (MD5)
  Previous issue date: 2003",application/pdf,,https://dspace.um.edu.mx/handle/20.500.11972/386,spa,,Quesos||Dieta,Desarrollo de un análogo de queso para régimen especial,info:eu-repo/semantics/bachelorThesis,
4ae2cf55-1511-44fc-9a4c-ba893e6b0679,20.500.11972/135,"Acosta Enríquez, María Elena",,"Martínez Taiña, Ana Ruth",,2018-09-04T21:19:21Z,,2018-09-04T21:19:21Z,,2007,,"El estado nutricio del paciente enfermo e internado en un hospital es responsabilidad para el Departamento de Nutrición; en la mayoría de los casos, la enfermedad es resultado de las violaciones a las leyes de la salud que Dios ha dado. La dieto terapia y la orientación alimentaria son dos acciones esenciales de la intervención nutricional en paciente, tanto durante su estancia como a su egreso, la orientación alimentaria ofrece información sobre la mejor manera de seleccionar los alimentos. Por ello el objetivo principal es describir las pautas para el tratamiento dietético de los pacientes hospitalizados, considerando la etapa e vida, la enfermedad con el fin de favorecer la recuperación del paciente. Concluyendo, se describen las características del individuo sano considerando sus requerimientos nutricios, así como los cambios correspondientes cuando se ve afectado por la enfermedad y se incluye recomendaciones para el manejo preventivo de las complicaciones más frecuentes durante el apoyo nutricio.",Licenciatura en Nutrición y Dietética,"Submitted by Lesly Montalvo (leslymontalvof@hotmail.com) on 2018-09-04T21:19:21Z
No. of bitstreams: 1
Tesis, Ana Ruth Martinez Taiña.pdf: 68628994 bytes, checksum: c2f1c79bd77c0a1ddf30555ac948277f (MD5)||Made available in DSpace on 2018-09-04T21:19:21Z (GMT). No. of bitstreams: 1
Tesis, Ana Ruth Martinez Taiña.pdf: 68628994 bytes, checksum: c2f1c79bd77c0a1ddf30555ac948277f (MD5)
  Previous issue date: 2007",application/pdf,,https://dspace.um.edu.mx/handle/20.500.11972/387,spa,,Dieta para enfermos||Evaluación nutricional||Vigilancia nutricional,Guía de procedimientos para evaluar el estado nutricio en pacientes hospitalizados,info:eu-repo/semantics/bachelorThesis,
c0ab9c7a-a12a-4a17-8f00-cae23e8857f1,20.500.11972/135,"Calderón de la Barca, Ana María",,"Ruiz Dyck, Karla Melissa",,2018-09-04T21:23:53Z,,2018-09-04T21:23:53Z,,2010,,"El objetivo de esta investigación es identificar la predisposición genética a enfermedad celiaca.
La enfermedad celiaca está asociada a la expresión de genes de los alelos que codifican las moléculas HLA-DQ2 y HLA-DQ8. Como conclusión se obtuvo que hay predisposición genética de la enfermedad celiaca en los recién nacidos sonorenses, en la misma proporción que en cualquier población del mundo en donde la prevalencia es de 1%. Se debe prevenir el riesgo por medio de la realización de exámenes de antecedentes genéticos.",Licenciatura en Nutrición y Dietética,"Submitted by Lesly Montalvo (leslymontalvof@hotmail.com) on 2018-09-04T21:23:53Z
No. of bitstreams: 1
Tesis Karla Melissa Ruiz Dyck.pdf: 32628089 bytes, checksum: 46ef0856f9d12daeb14de63d344eb1b4 (MD5)||Made available in DSpace on 2018-09-04T21:23:53Z (GMT). No. of bitstreams: 1
Tesis Karla Melissa Ruiz Dyck.pdf: 32628089 bytes, checksum: 46ef0856f9d12daeb14de63d344eb1b4 (MD5)
  Previous issue date: 2010",application/pdf,,https://dspace.um.edu.mx/handle/20.500.11972/388,spa,,Enfermedades intestinales||Enfermedad celiaca||Enfermedades del aparato digestivo||Enfermedades autoinmunes||Haplotipos,Tipificación de haplotipos que predisponen a enfermedad celiaca en sangre de cordón umbilical de niños sonorenses,info:eu-repo/semantics/bachelorThesis,
064791e6-21dd-4f17-9f38-68d7816d651e,20.500.11972/135,"Zúñiga, Erika",,"Ascencio Fano, Amy Elizabeth",,2018-09-04T21:27:01Z,,2018-09-04T21:27:01Z,,2013,,"En la comunidad del municipio de Montemorelos, se ha encontrado pacientes con problemas de cicatrización, así que por medio de este estudio se analiza de manera general el uso que se le ha dado a la miel como terapia alternativa en el tratamiento de heridas cutáneas. Como conclusión nos muestra que la miel de abeja es una gran alternativa, ya que da propiedades excepcionales de protección y regeneración de la piel y que presenta un protocolo de aplicación sencillo, lo que permite que se amplíen las posibilidades de la población con úlceras que necesita realizar las curaciones en su propio hogar.",Licenciatura en Enfermería,"Submitted by Lesly Montalvo (leslymontalvof@hotmail.com) on 2018-09-04T21:27:01Z
No. of bitstreams: 1
Tesis Amy Elizabeth Ascencio Fano.pdf: 1791507 bytes, checksum: 70cf19efbab9174cd1f4f012ba77abc8 (MD5)||Made available in DSpace on 2018-09-04T21:27:01Z (GMT). No. of bitstreams: 1
Tesis Amy Elizabeth Ascencio Fano.pdf: 1791507 bytes, checksum: 70cf19efbab9174cd1f4f012ba77abc8 (MD5)
  Previous issue date: 2013",application/pdf,,https://dspace.um.edu.mx/handle/20.500.11972/389,spa,,Miel de abejas||Heridas - Tratamiento||Ulceras,Efectividad de la terapia con miel de abeja en la recuperación de pacientes con heridas cutáneas en el Municipio de Montemorelos,info:eu-repo/semantics/bachelorThesis,
7fd291cc-676b-423f-8079-3b0d73afdf1f,20.500.11972/135,"Rodríguez Lemus, Julieta",,"Rodríguez Lemus, Ana Julieta",,2018-09-04T21:32:23Z,,2018-09-04T21:32:23Z,,2013,,"Esta investigación inicia planteando su hipótesis de que hay una demanda de cuidados de enfermería a domicilio que no está siendo atendida, por ello el propósito de esta investigación es ofrecer un análisis del tema sobre agencias de enfermería con atención domiciliaria. Para esto, se construyó un instrumento cuantitativo de tipo encuesta, que dio como resultado una herramienta que cumple con el objetivo de determinar la demanda de los servicios de enfermería a domicilio.",Licenciatura en Enfermería,"Submitted by Lesly Montalvo (leslymontalvof@hotmail.com) on 2018-09-04T21:32:23Z
No. of bitstreams: 1
Tesis Ana Julieta Rodríguez Lemus.pdf: 665618 bytes, checksum: c404da7df5f22c24e7c0714908f5de12 (MD5)||Made available in DSpace on 2018-09-04T21:32:23Z (GMT). No. of bitstreams: 1
Tesis Ana Julieta Rodríguez Lemus.pdf: 665618 bytes, checksum: c404da7df5f22c24e7c0714908f5de12 (MD5)
  Previous issue date: 2013",application/pdf,,https://dspace.um.edu.mx/handle/20.500.11972/390,spa,,Servicios de enfermería||Servicios de atención domiciliaria,"Conocer la demanda de los servicios de una agencia de cuidados de enfermería a domicilio en el municipio de Montemorelos, N. L.",info:eu-repo/semantics/bachelorThesis,
405f67c5-8025-4c66-85bd-43871b3986f8,20.500.11972/135,"Ortega Vélez, María Isabel",,"Frutos Nájera, Daniela Guadalupe",,2018-09-04T21:35:52Z,,2018-09-04T21:35:52Z,,2013,,"La epidemia de sobrepeso y obesidad infantil es un problema de salud pública que ha alarmado a los gobiernos del país. Se hizo un recordatorio de 24 horas para el análisis de la dieta, este reportó un consumo deficiente e calcio y hierro, pero un exceso de vitamina A, grasas, hidratos de carbono proteína. Esto concluye que la dieta de los niños preescolares y escolares consumen por arriba de la recomendación y tienen mayor riesgo de tener sobrepeso y obesidad.",Licenciatura en Nutrición y Dietética,"Submitted by Lesly Montalvo (leslymontalvof@hotmail.com) on 2018-09-04T21:35:52Z
No. of bitstreams: 1
Tesis Daniela Guadalupe Frutos Najera...pdf: 28566091 bytes, checksum: 1305711b05b4766898a83125756a5dcc (MD5)||Made available in DSpace on 2018-09-04T21:35:52Z (GMT). No. of bitstreams: 1
Tesis Daniela Guadalupe Frutos Najera...pdf: 28566091 bytes, checksum: 1305711b05b4766898a83125756a5dcc (MD5)
  Previous issue date: 2013",application/pdf,,https://dspace.um.edu.mx/handle/20.500.11972/391,spa,,Obesidad en niños||Alimentos para escolares||Nutrición infantil||Hábitos alimenticios||Seguridad alimenticia||Obesidad en niños,Factores predisponentes al desarrollo de sobrepeso y obesidad y nivel de seguridad alimentaria en hogares de niños beneficiarios del programa desayunos escolares de Hermosillo Sonora,info:eu-repo/semantics/bachelorThesis,
90cd9831-0ce0-48fd-8373-7ef919edaa6b,20.500.11972/135,"Zúñiga, Erika",,"Valencia de Dios, Jessica",,2018-09-04T21:38:45Z,,2018-09-04T21:38:45Z,,2013,,"En la comunidad del municipio de Montemorelos se han encontrado pacientes con problemas de cicatrización de heridas diversas, como úlceras de pie diabético, ulceras varicosas, etc. Debido a esto, se buscó diferentes alternativas que favorezcan la recuperación, así como aminorar gastos económicos. Por ello, el objetivo principal de esta investigación es presentar de forma clara los diferentes usos que se le pueden dar a la miel, en especial como una opción efectiva para la cicatrización de ulceras cutáneas. Concluye en que la miel tiene propiedades que proporciona a la herida, un ambiente adecuado para la cicatrización y crea una barrera física para evitar la proliferación de organismos patógenos, entre otras.",Licenciatura en Enfermería,"Submitted by Lesly Montalvo (leslymontalvof@hotmail.com) on 2018-09-04T21:38:45Z
No. of bitstreams: 1
Tesis Jessica Valencia de Dios.pdf: 981574 bytes, checksum: 59dbc811f3f728b47815f9c3f1a74f49 (MD5)||Made available in DSpace on 2018-09-04T21:38:45Z (GMT). No. of bitstreams: 1
Tesis Jessica Valencia de Dios.pdf: 981574 bytes, checksum: 59dbc811f3f728b47815f9c3f1a74f49 (MD5)
  Previous issue date: 2013",application/pdf,,https://dspace.um.edu.mx/handle/20.500.11972/392,spa,,Miel de abejas||Heridas - Tratamiento||Ulceras,Efectividad de la miel en la curación de úlceras cutáneas de pacientes del municipio de Montemorelos,info:eu-repo/semantics/bachelorThesis,
b48ff1eb-f44a-477d-8977-ab7d6c1e7dca,20.500.11972/135,"Zúñiga, Erika",,"Reyes Jiménez, Keren Asenet",,2018-09-04T21:41:06Z,,2018-09-04T21:41:06Z,,2013,,"Se les realizó una Valoración Familiar Comunitaria a 19 familias, con el propósito de recolectar datos para poder detectar, evaluar y priorizar necesidades de salud que se pueden atender y darles seguimientos mediante el centro de salud comunitario. Se concluyó que la nutrición es uno de los temas más delicados, ya que hay un desequilibrio por un aumento en el consumo de proteína y agrava con la falta de actividad física. Por último, se hace una invitación a participar en grupos de ejercicios y aumentar el consumo de frutas y hortalizas.",Licenciatura en Enfermería,"Submitted by Lesly Montalvo (leslymontalvof@hotmail.com) on 2018-09-04T21:41:06Z
No. of bitstreams: 1
Tesis Keren Asenet Reyes Jiménez.pdf: 462421 bytes, checksum: 666000457ed8c9f568250832863ad400 (MD5)||Made available in DSpace on 2018-09-04T21:41:06Z (GMT). No. of bitstreams: 1
Tesis Keren Asenet Reyes Jiménez.pdf: 462421 bytes, checksum: 666000457ed8c9f568250832863ad400 (MD5)
  Previous issue date: 2013",application/pdf,,https://dspace.um.edu.mx/handle/20.500.11972/393,spa,,Enfermería de salud comunitaria||Enfermería de salud pública,"Valoración familiar comunitaria en la colonia Mendívil, Montemorelos, Nuevo León",info:eu-repo/semantics/bachelorThesis,
9ccb98be-2b6d-4c79-974d-0fa19a1cdf6d,20.500.11972/135,"Zúñiga, Erika",,"Espinavarro Vazquez, Liliana",,2018-09-04T21:49:13Z,,2018-09-04T21:49:13Z,,2013,,"El impacto que ejercen las agencias de enfermería en el cuidado de una persona enferma es de gran importancia ya que ayudan al restablecimiento físico, psicológico y espiritual del paciente. Se considera que existe un cuidado deficiente por falta de experiencia, conocimiento, o tiempo del cuidador, por ello, esta investigación, puede fortalecer las estrategias para el cuidado del paciente en su domicilio. Mejorando así la calidad de vida tanto del usuario dependiente como del cuidador.",Licenciatura en Enfermería,"Submitted by Lesly Montalvo (leslymontalvof@hotmail.com) on 2018-09-04T21:49:13Z
No. of bitstreams: 1
Tesis Liliana Espinavarro Vazquez.pdf: 1010068 bytes, checksum: 62d75c4dd22996113d72519bc2529c14 (MD5)||Made available in DSpace on 2018-09-04T21:49:13Z (GMT). No. of bitstreams: 1
Tesis Liliana Espinavarro Vazquez.pdf: 1010068 bytes, checksum: 62d75c4dd22996113d72519bc2529c14 (MD5)
  Previous issue date: 2013",application/pdf,,https://dspace.um.edu.mx/handle/20.500.11972/394,spa,,Servicios de atención domiciliaria||Servicios de enfermería,"Conocer la demanda de los servicios de una agencia de cuidados de enfermería a domicilio en el municipio de Montemorelos, N.L",info:eu-repo/semantics/bachelorThesis,
692764bd-8ff6-41d9-936b-ca53c0e8d318,20.500.11972/135,"Zúñiga, Erika",,"Cruz Arias, Marina",,2018-09-04T21:53:42Z,,2018-09-04T21:53:42Z,,2013,,"El cuidado de las personas incapaces de valerse por sí mismas, es la esencia de la profesión de enfermería. Este estudio se hizo con la finalidad de conocer el surgimiento de atención a domicilio a través de la historia y conocer como ha llegado a ser parte de los sistemas de salud organizados de los países. Esta modalidad ofrece un trato individualizado e integral, su principal objetivo es mantener el paciente en su hogar ya que se ha demostrado que el tratamiento es mucha más eficaz al permanecer en un ambiente propio. Finalmente se obtiene como conclusión que esta modalidad se convierte en una oportunidad para brindar servicios de enfermería a pacientes que tengan que permanecer en sus casas.",Licenciatura en Enfermería,"Submitted by Lesly Montalvo (leslymontalvof@hotmail.com) on 2018-09-04T21:53:42Z
No. of bitstreams: 1
Tesis Marina Cruz Arias.pdf: 930578 bytes, checksum: 4778b5e91d1e06ea1a72e9105a08679f (MD5)||Made available in DSpace on 2018-09-04T21:53:42Z (GMT). No. of bitstreams: 1
Tesis Marina Cruz Arias.pdf: 930578 bytes, checksum: 4778b5e91d1e06ea1a72e9105a08679f (MD5)
  Previous issue date: 2013",application/pdf,,https://dspace.um.edu.mx/handle/20.500.11972/395,spa,,Servicios de enfermería||Servicios de atención domiciliaria,"Conocer la demanda de los servicios de una agencia de cuidados de enfermería a domicilio en el municipio de Montemorelos, N.L",info:eu-repo/semantics/bachelorThesis,
153abf1a-9b37-4f57-934f-0b5b4169bb77,20.500.11972/135,"Zúñiga, Erika",,"Cuevas Maldonado, Martha Lorena",,2018-09-04T21:57:12Z,,2018-09-04T21:57:12Z,,2013,,"El propósito de esta investigación es dar a conocer la efectividad de la terapia con miel de abeja en pacientes con herida cutáneas. Este recurso natural no es muy conocido, por lo que no cuenta con un protocolo estandarizado para el uso de esta como medio para su tratamiento y cicatrización. Por ello se ha diseñado un manual para unificar criterios de estandarización que presente una visión amplia para ayudar al personal de salud y al familiar del paciente en convertirse un facilitador de los procedimientos de curación con miel de abeja. Los resultados muestran que el tener un protocolo garantiza calidad y eficacia en el tratamiento, además de proporcionar una herramienta de educación y promoción de esta terapia alternativa.",Licenciatura en Enfermería,"Submitted by Lesly Montalvo (leslymontalvof@hotmail.com) on 2018-09-04T21:57:12Z
No. of bitstreams: 1
Tesis Martha Lorena Cuevas Maldonado.pdf: 308240 bytes, checksum: a4a233d4a4a7c25eebb00b06a7495d68 (MD5)||Made available in DSpace on 2018-09-04T21:57:12Z (GMT). No. of bitstreams: 1
Tesis Martha Lorena Cuevas Maldonado.pdf: 308240 bytes, checksum: a4a233d4a4a7c25eebb00b06a7495d68 (MD5)
  Previous issue date: 2013",application/pdf,,https://dspace.um.edu.mx/handle/20.500.11972/396,spa,,Miel de abejas||Heridas - Tratamiento,Efectividad de la terapia con miel de abeja en la recuperación de heridas cutáneas en pacientes en el municipio de Montemorelos,info:eu-repo/semantics/bachelorThesis,
bf220249-4bcf-4912-ae47-1f7010f7f801,20.500.11972/135,"García, Nahum",,"Gómez Rinza, Sara Elodia",,2018-09-04T21:59:17Z,,2018-09-04T21:59:17Z,,2013,,"En la niñez es básica la alimentación para el correcto desarrollo físico, por ello se creó el Programa de Desayunos Escolares (PDE), en Sonora, México. La preocupación radica en que los desayunos escolares estuviesen promoviendo la ganancia de peso en los niños que se benefician de este programa, ya que se ha reportado un incremento del porcentaje de los niños que comen doble desayuno y se marca un aumento en la obesidad de la población. Por ello se evaluó el estado de crecimiento de los niños, el aporte nutricio de la dieta y se valoró los alimentos más frecuentes que consumen los niños que participan en el PDE. Se concluye que la dieta de la población, más que la ración escolar, pudiera estar afectando el aumento de la prevalencia de sobrepeso y obesidad en esa población.",Licenciatura en Nutrición y Dietética,"Submitted by Lesly Montalvo (leslymontalvof@hotmail.com) on 2018-09-04T21:59:17Z
No. of bitstreams: 1
Tesis Sara Gómez Rinza.pdf: 43732470 bytes, checksum: 0945f0767a0f876d5336692225119600 (MD5)||Made available in DSpace on 2018-09-04T21:59:17Z (GMT). No. of bitstreams: 1
Tesis Sara Gómez Rinza.pdf: 43732470 bytes, checksum: 0945f0767a0f876d5336692225119600 (MD5)
  Previous issue date: 2013",application/pdf,,https://dspace.um.edu.mx/handle/20.500.11972/397,spa,,Alimentos para escolares||Nutrición infantil||Hábitos alimenticios||Obesidad en niños||Dieta,"Evaluación del programa de desayunos escolares : indicadores antropometricos y valoración de la dieta total que consumen los preescolares y escolares de Hermosillo, Sonora",info:eu-repo/semantics/bachelorThesis,
510d592a-3770-4330-a3c7-249d52c99951,20.500.11972/135,"Zúñiga, Erika",,"Ruiz Ramos, Sarai",,2018-09-04T22:02:23Z,,2018-09-04T22:02:23Z,,2013,,"El objetivo principal de esta investigación es diseñar un guion de entrevistas para conocer la percepción y los estilos de aprendizaje de los alumnos de enfermería de la Universidad de Montemorelos. Se entrevistaron a varios alumnos con el fin de saber su estilo de aprendizaje y temas en cuestión sobre PAE. Los resultados destacaron la dificultad que se ha presentado para el aprendizaje de los alumnos al no tener un formato estandarizado, además los alumnos necesitan actividades más prácticas con pacientes reales, así como actividades visuales.",Licenciatura en Enfermería,"Submitted by Lesly Montalvo (leslymontalvof@hotmail.com) on 2018-09-04T22:02:23Z
No. of bitstreams: 1
Tesis Sarai Ruiz Ramos.pdf: 934498 bytes, checksum: acc3c359ebe53f3d04fbc2b48542e47b (MD5)||Made available in DSpace on 2018-09-04T22:02:23Z (GMT). No. of bitstreams: 1
Tesis Sarai Ruiz Ramos.pdf: 934498 bytes, checksum: acc3c359ebe53f3d04fbc2b48542e47b (MD5)
  Previous issue date: 2013",application/pdf,,https://dspace.um.edu.mx/handle/20.500.11972/398,spa,,Enfermería-Enseñanza||Atención al enfermo,Estrategias de enseñanza que ayudan a los alumnos de la escuela de enfermería de la Universidad de Montemorelos a documentar el Proceso de Atención de Enfermería,info:eu-repo/semantics/bachelorThesis,
25a77c6e-fb77-4f99-88b7-4c03319d5e78,20.500.11972/135,"Mendoza Orgaz, Aurora",,"Canul Contreras, Mirna Patricia",,2018-09-04T22:07:08Z,,2018-09-04T22:07:08Z,,2015,,"La deficiencia de vitamina A es un problema de salud pública que afecta a más de la mitad de la población mundial, por otro lado, se ha demostrado que el crecimiento de los niños y niñas en sus primeros 5 años de vida es muy parecido en otras regiones y que depende, principalmente de una alimentación balanceada y apropiada. En este estudio se encontró que no hubo diferencia estadística, pero se demuestra que existe relación causal entre el crecimiento lineal y la ingesta de vitamina A entre los preescolares. Además de que la prevalencia en el retraso de crecimiento en esta población es mínima y se destaca la deficiencia de ingesta de vitamina A.",Licenciatura en Enfermería,"Submitted by Lesly Montalvo (leslymontalvof@hotmail.com) on 2018-09-04T22:07:08Z
No. of bitstreams: 1
Tesis Mirna Patricia Canul Contreras.pdf: 793268 bytes, checksum: 4da4077e72915fb339cb0d77c46d2366 (MD5)||Made available in DSpace on 2018-09-04T22:07:08Z (GMT). No. of bitstreams: 1
Tesis Mirna Patricia Canul Contreras.pdf: 793268 bytes, checksum: 4da4077e72915fb339cb0d77c46d2366 (MD5)
  Previous issue date: 2015",application/pdf,,https://dspace.um.edu.mx/handle/20.500.11972/400,spa,,Vitamina A||Desarrollo infantil - Aspectos nutricionales,Ingesta de vitamina A dietética y crecimiento lineal de preescolares del jardín “Ma. Ruth Fernández Gonzáles” en Montemorelos,info:eu-repo/semantics/bachelorThesis,
a5bcf6ac-89a5-44c8-9ead-1e3b54ac9394,20.500.11972/135,"Zúñiga, Erika",,"Águila Serrano, Stephanie Berenice del",,2018-09-04T22:05:03Z,,2018-09-04T22:05:03Z,,2013,,"En base al problema de aprendizaje del Proceso de Atención de Enfermería (PAE) se decidió hacer un manual sobre estrategias de enseñanza que ayuden a los estudiantes a tener un aprendizaje significativo de PAE, ya que se encontró que el verdadero problema es que la temática en clase se enfoca principalmente en el diagnóstico médico y la elaboración de diagnósticos enfermeros copiado de un libro. Finalmente se concluyó que mediante el uso de las estrategias de enseñanza se busca mejorar el aprendizaje del estudiante y se recomienda, dado al amplio número de estrategias, una revisión más amplia de las estrategias de enseñanza del PAE.",Licenciatura en Enfermería,"Submitted by Lesly Montalvo (leslymontalvof@hotmail.com) on 2018-09-04T22:05:03Z
No. of bitstreams: 1
Tesis Stephanie Berenice Del Águila Serrano.pdf: 407437 bytes, checksum: 2e348463c3bc78b246522cd9179cdb41 (MD5)||Made available in DSpace on 2018-09-04T22:05:03Z (GMT). No. of bitstreams: 1
Tesis Stephanie Berenice Del Águila Serrano.pdf: 407437 bytes, checksum: 2e348463c3bc78b246522cd9179cdb41 (MD5)
  Previous issue date: 2013",application/pdf,,https://dspace.um.edu.mx/handle/20.500.11972/399,spa,,Atención al enfermo||Enfermería - Enseñanza,Estrategias de enseñanza que ayudan a documentar el proceso de atención de enfermería,info:eu-repo/semantics/bachelorThesis,
b1fbd7c3-7fb0-4931-a18f-76b70e40a1b2,20.500.11972/136,,"SOTO RAMIREZ, SANDRA",,2021-08-18T15:58:12Z,,2021-08-18T15:58:12Z,,2000,,,,Maestría en Salud Pública,"Submitted by Adriana Leuro (aleuro74@uan.edu.co) on 2021-08-18T15:58:12Z
No. of bitstreams: 1
Disminución de la presión arterial relacionada con la pérdida de peso graso y la cantidad de ejercicio aeróbico.pdf: 175874041 bytes, checksum: e6359e46d7954df513f276d372682b5f (MD5)||Made available in DSpace on 2021-08-18T15:58:12Z (GMT). No. of bitstreams: 1
Disminución de la presión arterial relacionada con la pérdida de peso graso y la cantidad de ejercicio aeróbico.pdf: 175874041 bytes, checksum: e6359e46d7954df513f276d372682b5f (MD5)
  Previous issue date: 2000",application/pdf,https://dspace.um.edu.mx/handle/20.500.11972/1396,,spa,,Por asignar,Disminución de la presión arterial relacionada con la pérdida de peso graso y la cantidad de ejercicio aeróbico,info:eu-repo/semantics/masterThesis,
a4e1594e-053e-4a16-a8ca-a3300a09894a,20.500.11972/136,"Blum, Dennis",,"Bezerra de Oliveira, Severino.",,2018-08-27T21:26:51Z,,2018-08-27T21:26:51Z,,1993,,"Esta investigación enfoca la obra médica-misionera adventista a través de los Centros de Vida Sana, y propone su implementación como manera eficiente para llevar a cabo la misión evangélica confiada a la iglesia. La principal conclusión del estudio fue que, a través de los centros de vida sana, se puede llevar a cabo una obra misionera-médica admirable de carácter peculiar y de igual forma se recomienda que la iglesia, a través de sus líderes, haga conciencia y apoye la implementación de centros de vida saludable en todo el mundo y, particularmente en lugar con alta incidencia de enfermedades relacionadas con el estilo de vida",Maestría en Salud Pública,"Submitted by Nestor Ramírez (neraz@um.edu.mx) on 2018-08-27T21:26:51Z
No. of bitstreams: 1
Tesis Severino Bezerra de Oliveira.pdf: 26416522 bytes, checksum: d2119ef5a243b491b009263b9cc08c44 (MD5)||Made available in DSpace on 2018-08-27T21:26:51Z (GMT). No. of bitstreams: 1
Tesis Severino Bezerra de Oliveira.pdf: 26416522 bytes, checksum: d2119ef5a243b491b009263b9cc08c44 (MD5)
  Previous issue date: 1993",application/pdf,,https://dspace.um.edu.mx/handle/20.500.11972/149,spa,,Adventistas del Séptimo día - Reforma pro salud||Centros de salud - Administración,Plan maestro para centros de vida sana,info:eu-repo/semantics/masterThesis,
d9ed5a4a-02e4-41bd-99b9-c3ce11e937d6,20.500.11972/136,"Blum, Dennis",,"Bamberger Abanto, Celia Irene",,2018-08-27T21:36:57Z,,2018-08-27T21:36:57Z,,1994,,"Sabemos que actualmente las enfermedades cronicodegenerativas dependen del estilo de vida y por la escasez de material de fácil lectura con integración de los aspectos religiosos y científico-prácticos, sobre régimen alimenticio y ejercicio físico, condujo a elaborar este manual. Conforme se avanza en la lectura de este manual, va mostrando formas de cambiar nuestro estilo de vida a uno más saludable y así poder prevenir enfermedades cronicodegenerativas.",Maestría en Salud Pública,"Submitted by Nestor Ramírez (neraz@um.edu.mx) on 2018-08-27T21:36:57Z
No. of bitstreams: 1
Tesis Celia Irene Bamberger Abanto.pdf: 62213718 bytes, checksum: 5211a4f06aaddcd8bcdbfbaac94e1810 (MD5)||Made available in DSpace on 2018-08-27T21:36:57Z (GMT). No. of bitstreams: 1
Tesis Celia Irene Bamberger Abanto.pdf: 62213718 bytes, checksum: 5211a4f06aaddcd8bcdbfbaac94e1810 (MD5)
  Previous issue date: 1994",application/pdf,,https://dspace.um.edu.mx/handle/20.500.11972/154,spa,,Salud||Alimentos||Ejercicio,Buena salud : manual de régimen alimenticio y ejercicio físico,info:eu-repo/semantics/masterThesis,
eb2ccedf-32a8-49f2-b391-f852900cd515,20.500.11972/136,"Goley, John",,"Acosta Enríquez, María Elena",,2018-08-27T21:48:10Z,,2018-08-27T21:48:10Z,,1994,,"Los hábitos alimentarios de un individuo determinan el riesgo de salud al que está predispuesto. Por lo tanto, este trabajo presenta la situación de una comunidad Adventista Mexicana con características y estilo de vida definida, de manera particular se hará énfasis en sus hábitos alimentarios. Este estudio consideró como variables el sexo, edad, talla, peso actual, porcentaje de peso graso, el valor calórico, etc. Con base a los resultados, se dan ciertas recomendaciones como el elaborar un programa de educación continua para la salud, haciendo énfasis en los hábitos alimentarios, entre otros.",Maestría en Salud Pública,"Submitted by Nestor Ramírez (neraz@um.edu.mx) on 2018-08-27T21:48:10Z
No. of bitstreams: 1
Tesis Maria Elena Acosta Enriquez.pdf: 35095875 bytes, checksum: 3c2b8c78ca4b332daa593a57fbff4b5f (MD5)||Made available in DSpace on 2018-08-27T21:48:10Z (GMT). No. of bitstreams: 1
Tesis Maria Elena Acosta Enriquez.pdf: 35095875 bytes, checksum: 3c2b8c78ca4b332daa593a57fbff4b5f (MD5)
  Previous issue date: 1994",application/pdf,,https://dspace.um.edu.mx/handle/20.500.11972/158,spa,,Colesterol||Alimentos - Hábitos||Adventistas del Séptimo Día - Alimentos,"Evaluación parcial preliminar de niveles de colesterol, triglicéridos y glucosa relacionados con hábitos alimentarios de una comunidad adventista Mexicana",info:eu-repo/semantics/masterThesis,
46b3d451-86ef-40f6-8c94-8562b97210de,20.500.11972/136,"Goley, John",,"Marti García, Rafael.",,2018-08-27T21:48:14Z,,2018-08-27T21:48:14Z,,1994,,"La obra médica-misionera está profundamente enraizada con el evangelio. La razón básica que tenemos para emprender la creación de centros médicos es que el Señor ha ordenado que se establezcan sanatorios en muchos lugares...""esta es una de las formas que ha escogido para proclamar el mensaje del tercer ángel"". Esta obra, es sus distintos aspectos de enseñanza, atención sanitaria y divulgación es, si escuchamos el consejo inspirado, la llave que abrirá las puertas en este tiempo especial al mensaje del tercer ángel y destruirá buena parte de los prejuicios contra la iglesia.",Maestría en Salud Pública,"Submitted by Nestor Ramírez (neraz@um.edu.mx) on 2018-08-27T21:48:14Z
No. of bitstreams: 1
Tesis Rafael Marti Garcia.pdf: 50514420 bytes, checksum: ef4951be68884aac021728262b79070f (MD5)||Made available in DSpace on 2018-08-27T21:48:14Z (GMT). No. of bitstreams: 1
Tesis Rafael Marti Garcia.pdf: 50514420 bytes, checksum: ef4951be68884aac021728262b79070f (MD5)
  Previous issue date: 1994",application/pdf,,https://dspace.um.edu.mx/handle/20.500.11972/159,spa,,Iglesia Adventista del Séptimo Día||Estilo de vida||Iglesia Adventista del Séptimo Día - Centros de salud||| Iglesia Adventista del Séptimo Día - Restaurantes,Centros de salud : fundamentos y estructuras,info:eu-repo/semantics/masterThesis,
1b6b5454-1970-4c1b-85ba-d7288f2372d0,20.500.11972/136,"Goley, John",,"Granger, Robert H.",,2018-08-28T21:54:04Z,,2018-08-28T21:54:04Z,,1994,,"Ministers are to be medical missionary workers, do ministers themselves perceive a need to enhance ther knowldege of health? The important work of health reform will ot be taken seriosly until its purpose is clearle seen ""The work of health reform is the Lord's means for lessening suffering in our world and for purifying his church."" Ministers are to meet the needs of the total man.",Maestría en Salud Pública,"Submitted by Lesly Montalvo (leslymontalvof@hotmail.com) on 2018-08-28T21:54:04Z
No. of bitstreams: 1
Tesis Robert H. Granger.pdf: 65650505 bytes, checksum: 37ee85eb6aefc64921d48c98600f055f (MD5)||Made available in DSpace on 2018-08-28T21:54:04Z (GMT). No. of bitstreams: 1
Tesis Robert H. Granger.pdf: 65650505 bytes, checksum: 37ee85eb6aefc64921d48c98600f055f (MD5)
  Previous issue date: 1994",application/pdf,,https://dspace.um.edu.mx/handle/20.500.11972/206,spa,,Estilo de vida saludable||Pastores||Adventistas del Séptimo Día - Salud,"A pilot study of the health status, lifestyle habits, health promotion and various health-oriented attitudes of SDA ministers working in Mexico's Northern Union",info:eu-repo/semantics/masterThesis,
d5927da5-7662-40e5-81af-b8d5c7d27cf6,20.500.11972/136,"Blum, Dennis",,"Escamilla Pérez, Claudia Leticia",,2018-08-28T21:56:01Z,,2018-08-28T21:56:01Z,,1995,,"En México, la enfermedad cardíaca coronaria es la causa número uno de muerte. Esta investigación proporciona una explicación detallada de los principales factores de riesgo de dicha enfermedad que tienen que ver con el estilo de vida y que, por tanto, pueden modificarse para disminuir dicho riesgo.",Maestría en Salud Pública,"Submitted by Lesly Montalvo (leslymontalvof@hotmail.com) on 2018-08-28T21:56:00Z
No. of bitstreams: 1
Tesis Claudia Leticia Escamilla Pérez.pdf: 26873155 bytes, checksum: ddd3974d8977f15f5c29b59e956435a6 (MD5)||Made available in DSpace on 2018-08-28T21:56:01Z (GMT). No. of bitstreams: 1
Tesis Claudia Leticia Escamilla Pérez.pdf: 26873155 bytes, checksum: ddd3974d8977f15f5c29b59e956435a6 (MD5)
  Previous issue date: 1995",application/pdf,,https://dspace.um.edu.mx/handle/20.500.11972/207,spa,,Corazón||Enfermedades,Factores de riesgo de la enfermedad cardíaca coronaria,info:eu-repo/semantics/masterThesis,
3b04f9ba-c3cf-4b5c-a337-b540c40e037b,20.500.11972/136,"Goley, John",,"Pérez Ocampo, Mireya Silvia.",,2018-08-28T22:07:25Z,,2018-08-28T22:07:25Z,,1995,,"En la actualidad las enfermedades bucodentales se consideran un problema de salud pública por su alto grado de frecuencia en nuestro país.   El propósito de esta investigación es resolver la pregunta ¿Qué relación existe entre las horas que ven televisión, los malos hábitos alimenticios y la caries dental en niños de edad escolar? Como conclusión se encontró que los niños ven a la semana la televisión un promedio de 21 horas y el 88.61% comen entre comidas y regularmente es comida chatarra, significa que existe relación significativa entre las horas tales que ven televisión y los índices de grado de caries.","Pérez Ocampo, Mireya Silvia","Submitted by Lesly Montalvo (leslymontalvof@hotmail.com) on 2018-08-28T22:07:25Z
No. of bitstreams: 1
Tesis Mireya Silvia Perez Ocampo.pdf: 85742979 bytes, checksum: a76a39b0e923b0e91875fb225f923637 (MD5)||Made available in DSpace on 2018-08-28T22:07:25Z (GMT). No. of bitstreams: 1
Tesis Mireya Silvia Perez Ocampo.pdf: 85742979 bytes, checksum: a76a39b0e923b0e91875fb225f923637 (MD5)
  Previous issue date: 1995",application/pdf,,https://dspace.um.edu.mx/handle/20.500.11972/208,spa,,Niños||Cuidado e higiene||Nutrición||Dientes -Enfermedades,Influencia del estilo de vida del niño en edad escolar en la caries dental,info:eu-repo/semantics/doctoralThesis,
55e830dc-67c5-47ef-a8a8-244fa4a89d13,20.500.11972/136,"Goley, John",,"Pezoa Patiño, Rogers Alcides.",,2018-08-28T22:09:39Z,,2018-08-28T22:09:39Z,,1995,,"Los pacientes con trastorno de personalidad histriónico, tienen a menudo grandes demandas de tratamiento por sus numerosas quejas, con la particularidad que a la vez se resisten a las sugerencias terapéuticas. Concluye que existe una asociación entre el consumo de anfetaminas y el trastorno de personalidad histriónico, narcisista y antisocial.",Maestría en Salud Pública,"Submitted by Lesly Montalvo (leslymontalvof@hotmail.com) on 2018-08-28T22:09:39Z
No. of bitstreams: 1
Tesis Rogers Alcides Pezoa Patiño.pdf: 61051910 bytes, checksum: 382f7f8a570259d0a430aeceb0862313 (MD5)||Made available in DSpace on 2018-08-28T22:09:39Z (GMT). No. of bitstreams: 1
Tesis Rogers Alcides Pezoa Patiño.pdf: 61051910 bytes, checksum: 382f7f8a570259d0a430aeceb0862313 (MD5)
  Previous issue date: 1995",application/pdf,,https://dspace.um.edu.mx/handle/20.500.11972/209,spa,,Personalidad||Trastorno de la conducta,Trastorno de personalidad histriónico en pacientes de sexo femenino que ingresaron al programa vida sana Hospital La Carlota junio 94 - mayo 95,info:eu-repo/semantics/doctoralThesis,
ec2a89fe-2c52-4c4f-8752-4f96ea2e1bfd,20.500.11972/136,"Matsumoto, Seiji",,"Mora Mora, Catalina Patricia",,2018-08-28T22:24:59Z,,2018-08-28T22:24:59Z,,1996,,"Se sospecha que hay brecha entre lo que creemos, aprendemos, cómo comprendemos y lo que realmente practicamos concierte al estilo de vida. El propósito es que se quiere saber acerca del estilo de vida de los adventistas laicos de ecuador, en relación a su comprensión del mensaje de salud adventista. Concluyendo, se observó gran significa entre salud física de los miembros de la iglesia y su salud mental, incluso la asociación de significancia entre el peso corporal y la habilidad de promoción de salud en la iglesia no existe.",Maestría en Salud Pública,"Submitted by Lesly Montalvo (leslymontalvof@hotmail.com) on 2018-08-28T22:24:59Z
No. of bitstreams: 1
Tesis Catalina Patricia Mora Mora.pdf: 87559796 bytes, checksum: 831da3f23ff02fa2ec620c4267266698 (MD5)||Made available in DSpace on 2018-08-28T22:24:59Z (GMT). No. of bitstreams: 1
Tesis Catalina Patricia Mora Mora.pdf: 87559796 bytes, checksum: 831da3f23ff02fa2ec620c4267266698 (MD5)
  Previous issue date: 1996",application/pdf,,https://dspace.um.edu.mx/handle/20.500.11972/211,spa,,Salud||Templanza||Adventistas del Séptimo Día - Ecuador,Estudio del estilo de vida de los adventistas laicos en Ecuador en relación a su comprensión del mensaje de salud adventista,info:eu-repo/semantics/masterThesis,
9ec36f4d-2565-46df-9913-2c36a32c3ade,20.500.11972/136,"Santana, J. William",,"Illingworth Rivera, Gidalthi Czentoriky.",,2018-08-28T22:27:19Z,,2018-08-28T22:27:19Z,,1996,,"El objetivo de esta investigación es presentar un enfoque del estilo de vida saludable como medida preventiva y curativa, fundamentado en la inspiración de Dios y apoyado por las actuales evidencias científicas. Y con esto en base, se creó un manual para el uso institucional para poder ir mejorando nuestro estilo a uno más saludable.",Maestría en Salud Pública,"Submitted by Lesly Montalvo (leslymontalvof@hotmail.com) on 2018-08-28T22:27:19Z
No. of bitstreams: 1
Tesis Gidalthi Czentoriky Illingworth Rivera.pdf: 71861452 bytes, checksum: 08f34e7ac1f7113156fa76dead374662 (MD5)||Made available in DSpace on 2018-08-28T22:27:19Z (GMT). No. of bitstreams: 1
Tesis Gidalthi Czentoriky Illingworth Rivera.pdf: 71861452 bytes, checksum: 08f34e7ac1f7113156fa76dead374662 (MD5)
  Previous issue date: 1996",application/pdf,,https://dspace.um.edu.mx/handle/20.500.11972/212,spa,,Salud||Manuales||Nutrición,Manual práctico instruccional sobre estilo de vida saludable prosalud,info:eu-repo/semantics/masterThesis,
86bb9a92-6006-4bd6-aa8c-186faa6e8003,20.500.11972/136,"Santana, J. William",,"Aguirre Tamayo, Mabel",,2018-08-30T19:36:01Z,,2018-08-30T19:36:01Z,,1996,,"Uno de los mayores problemas que enfrenta la sociedad hoy en día es el padecimiento de enfermedades cronicodegenerativas, como obesidad, diabetes mellitus, hipertensión arterial, hiperlipidemias, etc. La nutrición interviene como un agente etiológico de estas patologías; por lo tanto, la alimentación del adulto debe cumplir con las necesidades que cada individuo requiere para poder preservar su salud. Como conclusión de muestra que, entre los adventistas, la primera enfermedad es de alta obesidad y los no adventistas, presentan hipertensión y que la región tiene una relación significativa en el consumo de grasa poliinsaturada.",Maestría en Salud Pública,"Submitted by Lesly Montalvo (leslymontalvof@hotmail.com) on 2018-08-30T19:36:01Z
No. of bitstreams: 1
Tesis Mabel Aguirre Tamayo.pdf: 84403529 bytes, checksum: 93d88893668ae1a9e6f2572232f8603e (MD5)||Made available in DSpace on 2018-08-30T19:36:01Z (GMT). No. of bitstreams: 1
Tesis Mabel Aguirre Tamayo.pdf: 84403529 bytes, checksum: 93d88893668ae1a9e6f2572232f8603e (MD5)
  Previous issue date: 1996",application/pdf,,https://dspace.um.edu.mx/handle/20.500.11972/283,spa,,Alimentos||Nutrición,"Valoración cuantitativa de alimentos entre adultos adventistas y no adventistas, en la ciudad de Montemorelos, en noviembre de 1995",info:eu-repo/semantics/masterThesis,
ea64c3e6-48bb-4657-87ce-aa8af0843f0b,20.500.11972/136,"Santana, J. William",,"Riesenberger, Timothy Mark",,2018-08-30T19:39:17Z,,2018-08-30T19:39:17Z,,1996,,"Esta investigación tiene como tema principal los cambios del estilo de vida y regresión de hipertensión, hipercolesterolemia y obesidad. En cada una de las secciones dan recomendaciones y tipos descripción de la dieta que use, dependiendo de la enfermedad que tenga. Concluye que los pacientes han logrado reducir el peso al igual que controlar la enfermedad.",Maestría en Salud Pública,"Submitted by Lesly Montalvo (leslymontalvof@hotmail.com) on 2018-08-30T19:39:17Z
No. of bitstreams: 1
Tesis Timothy Mark Riesenberg.pdf: 46999643 bytes, checksum: e455b3e8cab23ed2b1837e019918ac0a (MD5)||Made available in DSpace on 2018-08-30T19:39:17Z (GMT). No. of bitstreams: 1
Tesis Timothy Mark Riesenberg.pdf: 46999643 bytes, checksum: e455b3e8cab23ed2b1837e019918ac0a (MD5)
  Previous issue date: 1996",application/pdf,,https://dspace.um.edu.mx/handle/20.500.11972/284,spa,,Colesterol||Terapia||Presión sanguínea - Terapia||Obesidad - Terapia,"Terapia de estilo de vida para pacientes externos y su relación con colesterol serico, presión arterial y obesidad",info:eu-repo/semantics/masterThesis,
047f03ef-2a5f-43a5-b60e-5f8037663eb1,20.500.11972/136,"Santana, J. William",,"Penniecook Sawyers, Tricia Yanci",,2018-08-30T19:41:19Z,,2018-08-30T19:41:19Z,,1996,,"La disminución de la práctica de la lactancia materna ha afectado no sólo a las familias adineradas en los países desarrollados y en desarrollo, sino también a las pobres, sobre todo a las que viven en la periferia de grandes ciudades.  El propósito de este estudio fue identificar cómo los factores de cuidados prenatales, ocupación, nivel educativo d los padres, condiciones de vivienda, etc. Concluye con que no existe relación significativa entre el Control Pre-natal y la práctica de lactancia en las madres de los niños menores de cinco años de edad.",Maestría en Salud Pública,"Submitted by Lesly Montalvo (leslymontalvof@hotmail.com) on 2018-08-30T19:41:19Z
No. of bitstreams: 1
Tesis Tricia Yanci Penniecook.pdf: 45168159 bytes, checksum: e5c03db38948809bd97f85e9aed23015 (MD5)||Made available in DSpace on 2018-08-30T19:41:19Z (GMT). No. of bitstreams: 1
Tesis Tricia Yanci Penniecook.pdf: 45168159 bytes, checksum: e5c03db38948809bd97f85e9aed23015 (MD5)
  Previous issue date: 1996",application/pdf,,https://dspace.um.edu.mx/handle/20.500.11972/285,spa,,Lactancia,Factores asociados a la prevalencia y duración de lactancia materna en madres de niños menores de cinco años en Linares,info:eu-repo/semantics/masterThesis,
5441c70a-26c4-4644-bd01-78ff19c63007,20.500.11972/136,"Santana, J. William",,"Sánchez Espinoza, Rita Judith",,2018-08-30T19:43:52Z,,2018-08-30T19:43:52Z,,1998,,El consumo de bebidas alcohólicas entre la población joven ha sido considerado desde hace tiempo como un importante problema de salud pública dentro del campo de adicciones. Esta investigación tiene como objetivo aportar cierto conocimiento sobre cuál es el patrón de consumo de alcohol y qué relación existe entre este patrón y el contexto de consumo de bebidas alcohólicas en la población estudiantil de nivel de pregrado de la Universidad de Montemorelos. Los resultados de este estudio hacen evidente que el 27.9% de la población estudiada ingiere alcohol.,Maestría en Salud Pública,"Submitted by Lesly Montalvo (leslymontalvof@hotmail.com) on 2018-08-30T19:43:52Z
No. of bitstreams: 1
Tesis Rita Judith Sanchez Espinoza.pdf: 105097033 bytes, checksum: a937fc381075f6418ccd872d4456eb18 (MD5)||Made available in DSpace on 2018-08-30T19:43:52Z (GMT). No. of bitstreams: 1
Tesis Rita Judith Sanchez Espinoza.pdf: 105097033 bytes, checksum: a937fc381075f6418ccd872d4456eb18 (MD5)
  Previous issue date: 1998",application/pdf,,https://dspace.um.edu.mx/handle/20.500.11972/286,spa,Alcoholismo,Jóvenes,"Hábitos de consumo de bebidas alcohólicas en estudiantes de nivel pregrado de la Universidad de Montemorelos, durante el periodo escolar 1997-1998",info:eu-repo/semantics/masterThesis,
e9135be7-b46b-4e67-89c9-35348c46c5d9,20.500.11972/136,"Santana, J. William",,"Solís Valladares, Víctor Hugo",,2018-08-30T19:45:20Z,,2018-08-30T19:45:20Z,,1998,,"Las fuentes potenciales de contaminación de los alimentos son numerosas, muy a menudo las instituciones de salud emprenden campañas de saneamiento, con el objetivo de eliminar las fuentes de contaminación. Es por eso que el objetivo de esta investigación se concentra en la preocupación por informar al público consumidor de los alimentos vendidos en locales ambulantes, los riesgos a la salud que ponen en manifiesto realizar dicha actividad. Como conclusión de este estudio muestra que la mayoría de a gente se preocupa por su salud y busca alternativas para mejorarla. Una de las alternativas es un mejor tipo de alimentación.",Maestría en Salud Pública,"Submitted by Lesly Montalvo (leslymontalvof@hotmail.com) on 2018-08-30T19:45:20Z
No. of bitstreams: 1
Tesis Victor Hugo Solis Valladares.pdf: 23672662 bytes, checksum: 2989a54349f433ca14b2f2024e1fab61 (MD5)||Made available in DSpace on 2018-08-30T19:45:20Z (GMT). No. of bitstreams: 1
Tesis Victor Hugo Solis Valladares.pdf: 23672662 bytes, checksum: 2989a54349f433ca14b2f2024e1fab61 (MD5)
  Previous issue date: 1998",application/pdf,,https://dspace.um.edu.mx/handle/20.500.11972/287,spa,Alimentos contaminados - Efectos fisiológicos||Bacteriología - Flora bacteriana,Microbiología de alimentos,Contaminación microbiana en alimentos de locales ambulantes,info:eu-repo/semantics/masterThesis,
efcb3ded-68ba-4a57-85ce-0e75b283710a,20.500.11972/136,"Santana, J. William",,"Stephen Salazar, Michelle Jermie",,2018-08-30T19:48:48Z,,2018-08-30T19:48:48Z,,2000,,"En México, al igual que en los países desarrollados, las hiperlipidemias son un riesgo para las cardiopatías que representan un problema serio para la salud pública. Esta investigación proporciona amplia información acerca de las hiperlipidemias y como las dietas más comunes pueden tener influencias sobre los niveles de lípidos y como se puede reducir los riesgos de las hiperlipidemias. El objetivo de esta investigación, es proporcionarle al lector en el área de la salud, suficiente información científica, sobre la relación que existe entre la alimentación y la salud. Concluyendo, se espera que este estudie ayude a los no hiperlipidémicos para poder evitar el riesgo y a los hiperlipidémicos para poder mejorar su salud, su longevidad y su productividad.",Maestría en Salud Pública,"Submitted by Lesly Montalvo (leslymontalvof@hotmail.com) on 2018-08-30T19:48:48Z
No. of bitstreams: 1
Tesis Michelle Jerme Stephen Salazar.pdf: 88968297 bytes, checksum: 54e12bbf7c3a80519d14f7ecf18135aa (MD5)||Made available in DSpace on 2018-08-30T19:48:48Z (GMT). No. of bitstreams: 1
Tesis Michelle Jerme Stephen Salazar.pdf: 88968297 bytes, checksum: 54e12bbf7c3a80519d14f7ecf18135aa (MD5)
  Previous issue date: 2000",application/pdf,,https://dspace.um.edu.mx/handle/20.500.11972/288,spa,,Alimentación||Enfermos,Manual de tipos de alimentación y el riesgo de hiperlipidemias,info:eu-repo/semantics/masterThesis,
77c52767-a11c-4a45-99c9-5bc75a9c1ac5,20.500.11972/136,"R. Madrid, Dina",,"Walt, Michel Alan Walt",,2018-08-30T19:51:06Z,,2018-08-30T19:51:06Z,,2001,,"La diabetes mellitus es hipertensión arterial, como enfermedades cronicodegenerativas, y la retinopatía diabética y cataratas, como causas de ceguera o discapacidad visual, son enfermedades importantes en salud pública debido a su elevada prevalencia. Por ello, el objetivo principal de este estudio fue determinar si hay relación entre la diabetes mellitus, la hipertensión arterial, la obesidad y el alcoholismo con la retinopatía diabética y las cataratas. Los resultados presentan la diabetes y la hipertensión como factores de riesgo importantes para la presentación de retinopatía diabética y cataratas.",Maestría en Salud Pública,"Submitted by Lesly Montalvo (leslymontalvof@hotmail.com) on 2018-08-30T19:51:06Z
No. of bitstreams: 1
Tesis Alan Walt Michel.pdf: 37765957 bytes, checksum: 64f64c88468b5362735a11c374c70bf6 (MD5)||Made available in DSpace on 2018-08-30T19:51:06Z (GMT). No. of bitstreams: 1
Tesis Alan Walt Michel.pdf: 37765957 bytes, checksum: 64f64c88468b5362735a11c374c70bf6 (MD5)
  Previous issue date: 2001",application/pdf,,https://dspace.um.edu.mx/handle/20.500.11972/289,spa,,Diabetes||Desordenes de metabolismo,"Factores relacionados a retinopatía diabética y catarátas en Allende, Nuevo León",info:eu-repo/semantics/masterThesis,
50b37c74-bc9e-4644-b999-d6df87588a86,20.500.11972/136,"R. Madrid, Dina",,"Moraes Monteiro, Lúcia Helena",,2018-08-30T19:52:46Z,,2018-08-30T19:52:46Z,,2001,,"La tuberculosis es una enfermedad infecciosa causada por el Mycobacterium tuberculosis que viene alcanzando índices alarmantes en todo el mundo y especialmente en países en desarrollo. El propósito de esta investigación fue el determinar si hay relación entre el abandono al tratamiento con la edad, sexo, número de contactos, tipo de paciente, localización geográfica, etc. Concluyendo e que es más probable que abandonen el tratamiento los pacientes del sexo masculino, alcohólicos, no diabéticos, con residencia metropolitana de Monterrey. Estos resultados deben alterar a los profesionales de la salud para presentar una atención dirigida a estas características de la población tuberculosa y disminuir la tasa de abandono al tratamiento antituberculoso.",Maestría en Salud Pública,"Submitted by Lesly Montalvo (leslymontalvof@hotmail.com) on 2018-08-30T19:52:46Z
No. of bitstreams: 1
Tesis Lucia Helena Morales Monteiro.pdf: 27905477 bytes, checksum: 7b255156ac03f8506aa85cd888ef878d (MD5)||Made available in DSpace on 2018-08-30T19:52:46Z (GMT). No. of bitstreams: 1
Tesis Lucia Helena Morales Monteiro.pdf: 27905477 bytes, checksum: 7b255156ac03f8506aa85cd888ef878d (MD5)
  Previous issue date: 2001",application/pdf,,https://dspace.um.edu.mx/handle/20.500.11972/290,spa,,Tuberculosis - Tratamiento,Factores relacionados al abandono de tratamiento antituberculoso en el estado de Nuevo León,info:eu-repo/semantics/masterThesis,
1f8bece8-1247-4141-a676-bc8b2ee29f57,20.500.11972/136,"R. Madrid, Dina",,"Iurno Hugo, Silvia Norma",,2018-08-30T19:55:20Z,,2018-08-30T19:55:20Z,,2001,,"En la actualidad cuando se habla de enfermedades degenerativas y su respectivo tratamiento, se asocia con el estilo de vida del enfermo y el efecto que éste tiene tanto sobre la salud como sobre la enfermedad, es por eso que es importante la enseñanza de un buen estilo de vida. El objetivo principal de esta investigación, es hacer una guía para las personas que imparten la clase de estilo de vida saludable, con el propósito de que los alumnos que lleven esta materia puedan emplearla en sus vidas y compartirlo con otras personas.",Maestría en Salud Pública,"Submitted by Lesly Montalvo (leslymontalvof@hotmail.com) on 2018-08-30T19:55:20Z
No. of bitstreams: 1
Tesis Silvia Norma Iurno Hugo.pdf: 107284944 bytes, checksum: 5a4b9356fa6d5efc261a01869e4ec0e2 (MD5)||Made available in DSpace on 2018-08-30T19:55:20Z (GMT). No. of bitstreams: 1
Tesis Silvia Norma Iurno Hugo.pdf: 107284944 bytes, checksum: 5a4b9356fa6d5efc261a01869e4ec0e2 (MD5)
  Previous issue date: 2001",application/pdf,,https://dspace.um.edu.mx/handle/20.500.11972/291,spa,,Higiene escolar||Manuales,Manual para docentes de la materia estilo de vida saludablees,info:eu-repo/semantics/masterThesis,
b8244787-ad52-4249-bdda-d4c355fc732e,20.500.11972/136,"R. Madrid, Dina",,"Ramal Rocco, Edelweiss Joy",,2018-08-30T19:57:29Z,,2018-08-30T19:57:29Z,,2004,,"Recientemente se ha visto un incremento en el número de personas que no realizan actividad física, así como el número de personas deprimidas. El objetivo de esta investigación es mostrar la importancia de comprender la conexión entre los estados psicológicos y la salud física. La conclusión fue que no se encontró una asociación entre estilo explicativo pesimista y regularidad de ejercicio.",Maestría en Salud Pública,"Submitted by Lesly Montalvo (leslymontalvof@hotmail.com) on 2018-08-30T19:57:29Z
No. of bitstreams: 1
Tesis Edelweiss Joy Ramal Rocco.pdf: 42043191 bytes, checksum: b395d5057a13af944dfcbff322bc04b5 (MD5)||Made available in DSpace on 2018-08-30T19:57:29Z (GMT). No. of bitstreams: 1
Tesis Edelweiss Joy Ramal Rocco.pdf: 42043191 bytes, checksum: b395d5057a13af944dfcbff322bc04b5 (MD5)
  Previous issue date: 2004",application/pdf,,https://dspace.um.edu.mx/handle/20.500.11972/292,spa,,Ejercicio - Estudiantes - Montemorelos||Aptitud física,"La asociación entre pesimismo y ejercicio regular en alumnos de primer año de preparatoria en Montemorelos, Nuevo León",info:eu-repo/semantics/masterThesis,
3060aa9d-0711-42b5-a93f-4bf242718379,20.500.11972/136,"Charles Marcel, Zeno",,"Stillman, Darlene Ruth",,2018-08-30T20:00:15Z,,2018-08-30T20:00:15Z,,2005,,"México es uno de los países más afectados por la diabetes mellitus. Esta epidemia de diabetes genera un costo enorme al paciente diabético, el sector de salud y el país. Sin embargo, se podrían disminuir en gran manera estos costos al invertir más en medicina preventiva; por ello, se elaboró un manual educativo sobre el tratamiento y control de diabetes mellitus tipo 2 a través de su estilo de vida saludable. El objetivo principal es educar al lector en cuanto a su propio papel en el tratamiento y control de la diabetes mellitus tipo 2, sus factores de riesgo y sus complicaciones, con la modificación del estilo de vida.",Maestría en Salud Pública,"Submitted by Lesly Montalvo (leslymontalvof@hotmail.com) on 2018-08-30T20:00:15Z
No. of bitstreams: 1
Tesis Darlene Stillman.pdf: 70880807 bytes, checksum: 21fd7990e12c3d664fa50fd9ae95bbe8 (MD5)||Made available in DSpace on 2018-08-30T20:00:15Z (GMT). No. of bitstreams: 1
Tesis Darlene Stillman.pdf: 70880807 bytes, checksum: 21fd7990e12c3d664fa50fd9ae95bbe8 (MD5)
  Previous issue date: 2005",application/pdf,,https://dspace.um.edu.mx/handle/20.500.11972/293,spa,,Diabetes mellitus - Tratamiento||Diabetes mellitus - Manual,Manual para el tratamiento y control de la diabetes mellitus tipo 2 a través de un estilo de vida saludable,info:eu-repo/semantics/masterThesis,
c38ecb3a-dc80-4edb-9f7e-ace831f97a52,20.500.11972/136,"Charles Marcel, Zeno",,"Beteta Motta, Gladys Yvonne",,2018-08-30T20:05:17Z,,2018-08-30T20:05:17Z,,2012,,"Since the start of the Human Immunodeficiency Virus (HIV) and Acquired Immune Deficiency Syndrome (AIDS) pandemic in 1981, nearly 25 million people have died of AIDS. That's why Malamulo Hospital has implemented a protocol on Prevention-of-Mother-to-Child HIV transmission (PMTCT) Program according to what was already established by the Government of Malawi. Condluding, The implementation of sdNevirapine for both infected mothers and infants with six months exclusive breastfeeding interventions at Malamulo Hospital were efficient strategies to reduce the vertical transmission of HIV. However, there could still be a chance of vertical transmission, therefore, it is important to look into other strategies to reduce it even more or aim for 0% transmission, if possible.",Maestría en Salud Pública,"Submitted by Lesly Montalvo (leslymontalvof@hotmail.com) on 2018-08-30T20:05:17Z
No. of bitstreams: 1
Tesis Ivonne Gladys Beteta Motta.pdf: 1785704 bytes, checksum: 7e51a810966ff236abec71f1e7d8dba4 (MD5)||Made available in DSpace on 2018-08-30T20:05:17Z (GMT). No. of bitstreams: 1
Tesis Ivonne Gladys Beteta Motta.pdf: 1785704 bytes, checksum: 7e51a810966ff236abec71f1e7d8dba4 (MD5)
  Previous issue date: 2012",application/pdf,,https://dspace.um.edu.mx/handle/20.500.11972/294,eng,,Enfermedades transmisibles - Prevención y control||Infecciones por VIH||Personas VIH positivas||Agentes antivirales||Enfermedades transmisibles en niños||Sida en el embarazo,"Vertical transmission of HIV and AIDS at Malamulo Hospital, Malawi, 2004-2008 : a successful clinical audit",info:eu-repo/semantics/masterThesis,
c565f1e4-23a7-4162-b211-3b0b1233c3fb,20.500.11972/136,"Charles Marcel, Zeno",,"Salazar Guzmán, Jorge Luis",,2018-08-30T20:08:28Z,,2018-08-30T20:08:28Z,,2012,,"El objetivo general de la presente investigación es evaluar la percepción del alumno, en cuanto a lo adecuado del campo clínico en las sedes del internado rotatorio de pregrado, a fin de conocer cuán buena fue la preparación de los alumnos durante esta etapa de su formación académica. Los resultados nos mostraron que la percepción de los alumnos acerca del campo clínico, fue valorada como buena, aunque esa opinión disminuyó después de hacer su año de Servicio Social.",Maestría en Salud Pública,"Submitted by Lesly Montalvo (leslymontalvof@hotmail.com) on 2018-08-30T20:08:28Z
No. of bitstreams: 1
Tesis Jorge Salazar.pdf: 824071 bytes, checksum: 44462643fa3f5a70a415e75d692887f0 (MD5)||Made available in DSpace on 2018-08-30T20:08:28Z (GMT). No. of bitstreams: 1
Tesis Jorge Salazar.pdf: 824071 bytes, checksum: 44462643fa3f5a70a415e75d692887f0 (MD5)
  Previous issue date: 2012",application/pdf,,https://dspace.um.edu.mx/handle/20.500.11972/295,spa,,Educación médica||Trabajo social médico||Práctica médica,Percepción de los alumnos de medicina acerca del campo clínico durante en año de internado en el hospital sede y la preparación para la etapa profesional,info:eu-repo/semantics/masterThesis,
882b63b1-528f-49d5-9915-c3264f191b16,20.500.11972/136,"Charles Marcel, Zeno",,"Ríos Martínez, Vianey",,2018-08-30T20:18:33Z,,2018-08-30T20:18:33Z,,2012,,"Se considera que una de las causas principales de la infección intrahospitalaria se debe a las maniobras que se realizan en el hospital. Esta investigación tiene como objetivo, conocer el análisis en el expediente clínico de pacientes hospitalizados que presenten infecciones de vías urinarias. Los resultados mostraron que no existe diferencia significativa entre las variables edad, seguridad, formación, turno y tiempo, en el grupo de enfermería.",Maestría en Salud Pública,"Submitted by Lesly Montalvo (leslymontalvof@hotmail.com) on 2018-08-30T20:18:33Z
No. of bitstreams: 1
TESIS Vianey Ríos Mtz FINAL.pdf: 787767 bytes, checksum: 0f53db6f854922636ed3c5e28fef45ff (MD5)||Made available in DSpace on 2018-08-30T20:18:33Z (GMT). No. of bitstreams: 1
TESIS Vianey Ríos Mtz FINAL.pdf: 787767 bytes, checksum: 0f53db6f854922636ed3c5e28fef45ff (MD5)
  Previous issue date: 2012",application/pdf,,https://dspace.um.edu.mx/handle/20.500.11972/296,spa,,Urología||Órganos urinarios - Infecciones||Órganos urinarios - Enfermedades,Seguridad en pacientes hospitalizados en el hospital La Carlota en relación a las infecciones de vías urinarias en el periodo 2005-2011,info:eu-repo/semantics/masterThesis,
83886544-1e9e-4ca7-abe8-5345c4611fe1,20.500.11972/136,"López Ramírez, Adalis",,"Valencia de Dios, Jessica",,2018-08-30T20:21:14Z,,2018-08-30T20:21:14Z,,2013,,"La necesidad de curación de las heridas es un tema tan antiguo como la historia del hombre. En la comunidad del municipio de Montemorelos, se han encontrado pacientes con problemas de cicatrización de heridas diversas, como ulceras de pie diabético, ulceras varicosas, etc. Debido a esto, se han buscado diferentes alternativas que favorezcan la recuperación, así como aminorar gastos económicos. El estudio concluye en que la miel es un líquido realmente sorprendente ya que, además de poseer una amplia gama de nutrientes, es un recurso prometedor para el uso terapéutico específicamente en el área de las ulceras cutáneas, pues tiene propiedades que le proporcionan a la herida un ambiente adecuado para la cicatrización y crear una barrera física para evitar la proliferación de organismos patógenos.",Licenciatura en Enfermería,"Submitted by Lesly Montalvo (leslymontalvof@hotmail.com) on 2018-08-30T20:21:14Z
No. of bitstreams: 1
Tesis Jessica Valencia de Dios.pdf: 981574 bytes, checksum: 59dbc811f3f728b47815f9c3f1a74f49 (MD5)||Made available in DSpace on 2018-08-30T20:21:14Z (GMT). No. of bitstreams: 1
Tesis Jessica Valencia de Dios.pdf: 981574 bytes, checksum: 59dbc811f3f728b47815f9c3f1a74f49 (MD5)
  Previous issue date: 2013",application/pdf,,https://dspace.um.edu.mx/handle/20.500.11972/297,spa,,Miel de abejas||Heridas - Tratamiento,Efectividad de la miel en la curación de úlceras cutáneas de pacientes del municipio de Montemorelos,info:eu-repo/semantics/masterThesis,
2d4472e5-9d40-4f52-91a0-7fdbb0ee179f,20.500.11972/136,"Aragón Castillo, Jason",,"Jamie Scott, Aniqueka",,2018-08-30T20:26:43Z,,2018-08-30T20:26:43Z,,2014,,Lifestyle habits play a major role in influencing one's Body Mass Index (BMI) and quality of life. This syudy will examine the relationship between these lifestye habits and the BMI of two cohorts of first year students at the University of Montemorelos. The study discovere that tehre were positive associations between the BMI from the start an end of the semester. In conclusion most of the students were found to be in the normal weight range from the investigation each academic year.,Maestría en Salud Pública,"Submitted by Lesly Montalvo (leslymontalvof@hotmail.com) on 2018-08-30T20:26:43Z
No. of bitstreams: 1
Tesis Aniqueka Jamie Scott.pdf: 2747281 bytes, checksum: 4036778c64a215e6ed8d7cbc36471454 (MD5)||Made available in DSpace on 2018-08-30T20:26:43Z (GMT). No. of bitstreams: 1
Tesis Aniqueka Jamie Scott.pdf: 2747281 bytes, checksum: 4036778c64a215e6ed8d7cbc36471454 (MD5)
  Previous issue date: 2014",application/pdf,,https://dspace.um.edu.mx/handle/20.500.11972/298,spa,,Estilo de vida - Estudio y enseñanza||Hábitos alimenticios||Salud||Masa corporal,"Lifestyle habits and BMI of first year university students at the University of Montemorelos : a two year analyis, 2012-2013 and 2013-2014",info:eu-repo/semantics/masterThesis,
3a836c26-be5e-4d16-a2c8-c5c963b8bfec,20.500.11972/136,"Monárrez Pérez, Víctor",,"Sinza Leyton, Diana Lucia",,2018-08-30T20:30:47Z,,2018-08-30T20:30:47Z,,2014,,"Los jóvenes universitarios están expuestos a factores que predisponen a la adopción de conductas nocivas para a salud. El objetivo es dar a conocer si existe relación entre las prácticas y creencias del estilo de vida adquiridas en la Universidad de Montemorelos. Se encontró relación significativa entre las prácticas y las creencias de recreación, igualmente de encontró diferencia significativa de creencias de estilo de vida, aumentando de primer a segundo semestre.",Maestría en Salud Pública,"Submitted by Lesly Montalvo (leslymontalvof@hotmail.com) on 2018-08-30T20:30:47Z
No. of bitstreams: 1
Tesis Diana Lucia Sinza Leyton.pdf: 2340737 bytes, checksum: 8957c127089587f84bf0a99f09666961 (MD5)||Made available in DSpace on 2018-08-30T20:30:47Z (GMT). No. of bitstreams: 1
Tesis Diana Lucia Sinza Leyton.pdf: 2340737 bytes, checksum: 8957c127089587f84bf0a99f09666961 (MD5)
  Previous issue date: 2014",application/pdf,,https://dspace.um.edu.mx/handle/20.500.11972/299,spa,,Estilo de vida - Estudio y enseñanza||Educación||Aptitud física,Relación de prácticas y creencias promovidas en el curso de estilo de vida saludable en estudiantes UM : 2013-2014,info:eu-repo/semantics/masterThesis,
8aa75a32-6145-4641-8419-b64e0cfd461e,20.500.11972/136,"Chablé Hernández, Ismael",,"Etienne, Vanessa",,2018-08-30T20:34:56Z,,2018-08-30T20:34:56Z,,2014,,"La salud humana depende de las interacciones que el ser humano tiene con el medio ambiente; es necesario que cada uno tenga parte activa en el cuidado del medio ambiente, por lo que se estudió al personal de la Universidad de Montemorelos, aplicando encuestas, el cual demostró que existe asociación recíproca entre el conocimiento sobre los residuos sólidos, el comportamiento hacia el medio ambiente y las prácticas de reciclaje.",Maestría en Salud Pública,"Submitted by Lesly Montalvo (leslymontalvof@hotmail.com) on 2018-08-30T20:34:56Z
No. of bitstreams: 1
TEsis Vanessa Etienne.pdf: 2046013 bytes, checksum: a555d1eaa5497985b2c14da2133fdfdd (MD5)||Made available in DSpace on 2018-08-30T20:34:56Z (GMT). No. of bitstreams: 1
TEsis Vanessa Etienne.pdf: 2046013 bytes, checksum: a555d1eaa5497985b2c14da2133fdfdd (MD5)
  Previous issue date: 2014",application/pdf,,https://dspace.um.edu.mx/handle/20.500.11972/300,spa,,Conservación del medio ambiente||Conversión de residuos,"Asociación entre el conocimiento sobre los desechos sólidos, el comportamiento hacia el medio ambiente y las prácticas de reciclaje del personal de la Universidad de Montemorelos",info:eu-repo/semantics/masterThesis,
a6a3d756-0802-48a4-881e-2d3954cbcb1c,20.500.11972/136,"Zúñiga, Erika",,"Sánchez Córdova, Perla Edith",,2018-08-30T20:37:40Z,,2018-08-30T20:37:40Z,,2015,,"Un entorno de trabajo seguro y saludable es un derecho fundamental del ser humano y los trabajadores de la carpintería de la Universidad de Montemorelos están expuestos a una diversidad de riesgos laborales que podrían afectar su salud. Los resultados lanzaron que cada trabajador identifica los riesgos de acuerdo con sus vivencias y conocimiento del oficio, y toma consecuencia de ellos con su valoración personal. Como conclusión se muestra que la percepción de riesgo desde el punto de vista individuales compleja, puesto que abarca la personalidad de cada trabajador y su trasfondo cultural.",Maestría en Salud Pública,"Submitted by Lesly Montalvo (leslymontalvof@hotmail.com) on 2018-08-30T20:37:40Z
No. of bitstreams: 1
Tesis Edith Cordova.pdf: 3837894 bytes, checksum: ce9084f82112fe5aa223d5e4e7db8b80 (MD5)||Made available in DSpace on 2018-08-30T20:37:40Z (GMT). No. of bitstreams: 1
Tesis Edith Cordova.pdf: 3837894 bytes, checksum: ce9084f82112fe5aa223d5e4e7db8b80 (MD5)
  Previous issue date: 2015",application/pdf,,https://dspace.um.edu.mx/handle/20.500.11972/301,spa,,Seguridad industrial||Salud ocupacional,"Identificación y percepción del riesgo laboral en la carpintería de la Universidad de Montemorelos, N.L.",info:eu-repo/semantics/masterThesis,
768f0286-7090-4d55-a875-421d41ba3956,20.500.11972/136,"Acosta Enríquez, María Elena",,"Eguía Beltrán, Natalie",,2018-09-03T23:22:53Z,,,,,2017,"En los últimos años, se han observado que la aparición de conductas alimentarias de riesgo, han aumentado y afectan principalmente a adolescentes. Es por eso que el objetivo principal de esta investigación es observar si existe asociación entre la ingesta o ausencia del desayuno y factores que condicionan a depresión en estudiantes de secundaria. Se encontró una diferencia significativa. Se concluyó que los trastornos de conducta alimentaria representan un problema latente en la población estudia, sin embargo, afectan principalmente a la población femenina y entre las diversas categorías, la población adolescente muestra en general menor riesgo a depresión, aunque si existe la tendencia en algunos casos.",,,,,,,,,,,Omisión de desayuno e identificación de conductas alimentarias de riesgo y asociación con factores que condicionan a depresión en estudiantes de secundaria
1e43049d-e166-4aef-99a6-6efce9466180,20.500.11972/136,"Chablé Hernández, Ismael",,"Santos Murcia, José Ángel",,2018-09-03T23:07:08Z,,2018-09-03T23:07:08Z,,2015,,"Actualmente, existe una tendencia hacia la elección del consumo del agua con base en las sensaciones organolépticas, es por eso que el objetivo de esta investigación es determinar la influencia que tiene el conocimiento de la calidad del agua potable sobre la percepción. Concluye en que existe una relación estrechamente vinculada entre el conocimiento de la calidad del agua potable y la percepción que se genera hacia ella.",Maestría en Salud Pública,"Submitted by Lesly Montalvo (leslymontalvof@hotmail.com) on 2018-09-03T23:07:08Z
No. of bitstreams: 1
Tesis Jose Angel Santos Murcia.pdf: 1139861 bytes, checksum: 6b6fa4aa982b80c21a39b8515f4ac345 (MD5)||Made available in DSpace on 2018-09-03T23:07:08Z (GMT). No. of bitstreams: 1
Tesis Jose Angel Santos Murcia.pdf: 1139861 bytes, checksum: 6b6fa4aa982b80c21a39b8515f4ac345 (MD5)
  Previous issue date: 2015",application/pdf,,https://dspace.um.edu.mx/handle/20.500.11972/348,spa,,Calidad del agua||Contaminación del agua,"Nivel de percepción y nivel de conocimiento en torno a la calidad del agua potable en tres sectores específicos de Montemorelos, N.L.",info:eu-repo/semantics/masterThesis,
5b5ce9a5-fce2-47fd-bf6e-9f9695d6f718,20.500.11972/136,"Acosta Enríquez, María Elena",,"Hernández Coria, Lizzette",,2018-09-03T23:13:54Z,,2018-09-03T23:13:54Z,,2015,,"La seguridad alimentaria se evalúa a nivel mundial, regional, nacional, municipal, comunitario e individual. Esta investigación demuestra que hay una gran diferencia en la práctica de higiene y conocimientos entre los manipuladores de alimentos que toman el curso de capacitación sobre regulación sanitaria y prácticas de higiene y los manipuladores de alimentos que no toman el curso de capacitación y regulación sanitaria. Concluyendo que los establecimientos semifijos han sido identificados con mayor riesgo sanitario y no cumplen con los criterios de verificación sanitaria.",Maestría en Salud Pública,"Submitted by Lesly Montalvo (leslymontalvof@hotmail.com) on 2018-09-03T23:13:54Z
No. of bitstreams: 1
Tesis Lizette Hernández Coria.pdf: 2359939 bytes, checksum: 109ce5d5cc55c90a56542e9fda983ff8 (MD5)||Made available in DSpace on 2018-09-03T23:13:54Z (GMT). No. of bitstreams: 1
Tesis Lizette Hernández Coria.pdf: 2359939 bytes, checksum: 109ce5d5cc55c90a56542e9fda983ff8 (MD5)
  Previous issue date: 2015",application/pdf,,https://dspace.um.edu.mx/handle/20.500.11972/349,spa,,Alimentos - Legislación||Higiene de los alimentos||Salud pública,Verificación por la NOM-251-SSA1-2009 para el diagnóstico sanitario de servicios de alimentos comerciales adjuntos a una institución educativa universitaria,info:eu-repo/semantics/masterThesis,
a320e944-ddab-461b-987b-553831c220b4,20.500.11972/136,"Acosta Enríquez, María Elena",,"Kiloki Kioko, Nicholas",,2018-09-03T23:15:55Z,,2018-09-03T23:15:55Z,,2015,,"La progresión del virus de inmunodeficiencia humana (VIH) en el mundo y su interacción con la coexistencia de tuberculosis han generado diversos estudios sobre la calidad de vida de los pacientes infectados, por eso el objetivo principal es determinar la calidad de vida de pacientes con estas enfermedades atendidos en el Instituto Mexicano del Seguro Social (IMSS) en Monterrey, Nuevo León. Este estudio nos revela que destaca la necesidad de na mejora en la dependencia física y aspecto social de las personas que viven con VIH y coinfectados por VIH/TB y que el contar con empleo y educación, permite hacer frente a la enfermedad y al tratamiento.",Maestría en Salud Pública,"Submitted by Lesly Montalvo (leslymontalvof@hotmail.com) on 2018-09-03T23:15:55Z
No. of bitstreams: 1
Tesis Nicholas Kiloki Kioko.pdf: 2980648 bytes, checksum: ae9b50a705362a040273c4f4f3eac021 (MD5)||Made available in DSpace on 2018-09-03T23:15:55Z (GMT). No. of bitstreams: 1
Tesis Nicholas Kiloki Kioko.pdf: 2980648 bytes, checksum: ae9b50a705362a040273c4f4f3eac021 (MD5)
  Previous issue date: 2015",application/pdf,,https://dspace.um.edu.mx/handle/20.500.11972/350,spa,,Personas VIH positivas||SIDA,"Calidad de vida en pacientes infectados con VIH y co-infectados de VIH/TB en un hospital de segundo nivel de atención IMSS en Monterrey, N.L., México",info:eu-repo/semantics/masterThesis,
48312dec-68db-4dcd-84e6-e7efdf3d8760,20.500.11972/136,"Aragón Castillo, Jason",,"Mondragón, Ethel Fabiola",,2018-09-03T23:17:35Z,,2018-09-03T23:17:35Z,,2016,,"Las enfermedades crónicas no transmisibles son uno de los retos que enfrenta el sistema de salud, como el sobrepeso y la obesidad generan riesgos para las personas y gastos elevados de atención médica en la República Mexicana. Por ello el presente estudio pretende describir la intervención en el estilo de vida de los empleados de la Universidad de Montemorelos. Concluye que existe poco interés entre las personas para realizar algún ejercicio y el personal de la Universidad de Montemorelos posee un alto nivel de sobrepeso y obesidad. Igualmente, culmina con ciertas recomendaciones, entre ellas, es que necesitan un profesional que los guíe para producir beneficios clínicos positivos.",Maestría en Salud Pública,"Submitted by Lesly Montalvo (leslymontalvof@hotmail.com) on 2018-09-03T23:17:35Z
No. of bitstreams: 1
Tesis Ethel Fabiola Mondragón.pdf: 6188155 bytes, checksum: 6bc86100dd532a21d0d1d73767f6f388 (MD5)||Made available in DSpace on 2018-09-03T23:17:35Z (GMT). No. of bitstreams: 1
Tesis Ethel Fabiola Mondragón.pdf: 6188155 bytes, checksum: 6bc86100dd532a21d0d1d73767f6f388 (MD5)
  Previous issue date: 2016",application/pdf,,https://dspace.um.edu.mx/handle/20.500.11972/351,spa,,Salud||Salud ocupacional,Valoración de estado de salud en empleados de la Universidad de Montemorelos: programa de bienestar laboral,info:eu-repo/semantics/masterThesis,
b4f3a63a-cbdf-4a56-b9d6-4656c5327934,20.500.11972/136,"Acosta Enríquez, María Elena",,"Cruz Valdez, Gabriel",,2018-09-03T23:19:43Z,,2018-09-03T23:19:43Z,,2016,,"Los instrumentos de medición se definen como aquellas herramientas utilizadas por el investigador con el fin de recolectar información sobre las variables a estudiar. Se identificó que el cuestionario que se ha utilizado en el departamento de Aptitud Física durante más de diez años, con la finalidad de conocer diversos aspectos del estilo de vida en la población universitaria, no ha sido válido y no tiene la confiabilidad necesaria para futuras investigaciones. Para solucionar este problema se obtuvo como resultado un Cuestionario de Estilo de Vida para Estudiantes Universitarios (CEVEU) de 28 preguntas distribuidas en nueve categorías. Concluye en que los resultados obtenidos son favorables para obtener la confiabilidad, validez de contenido y muestra que el instrumento cumple con los criterios requeridos para ser utilizad en investigaciones futuras",Maestría en Salud Pública,"Submitted by Lesly Montalvo (leslymontalvof@hotmail.com) on 2018-09-03T23:19:43Z
No. of bitstreams: 1
Tesis Gabriel Cruz Valdez.pdf: 2039123 bytes, checksum: 009176333303f14d98273d671b613f64 (MD5)||Made available in DSpace on 2018-09-03T23:19:43Z (GMT). No. of bitstreams: 1
Tesis Gabriel Cruz Valdez.pdf: 2039123 bytes, checksum: 009176333303f14d98273d671b613f64 (MD5)
  Previous issue date: 2016",application/pdf,,https://dspace.um.edu.mx/handle/20.500.11972/352,spa,,Estilo de vida - Mediciones||Hábito - Mediciones||Instrumentos de medición,Validación de instrumento para medir hábitos de estilo de vida en estudiantes de la Universidad de Montemorelos,info:eu-repo/semantics/masterThesis,
ea466dee-2b60-43fa-98a8-1b51998e4415,20.500.11972/136,"Muñoz Palomeque, Manuel",,"Tacilla Cortés, Oswaldo",,2018-09-03T23:21:18Z,,2018-09-03T23:21:18Z,,2016,,"La importancia de brindar un servicio de calidad, haciendo sentir al paciente verdaderamente especial y ofreciendo u servicio único son metas que todo hospital debería tener. Por esto, el objetivo principal es buscar el grado de percepción de calidad del servicio médico, de enfermería y de los servicios de apoyo. La investigación concluye con que existe una relación lineal significativa.",Maestría en Salud Pública,"Submitted by Lesly Montalvo (leslymontalvof@hotmail.com) on 2018-09-03T23:21:18Z
No. of bitstreams: 1
Tesis Oswaldo Tacilla Cortes.pdf: 1764151 bytes, checksum: 1b9bff2644c97a3482733ff01976f177 (MD5)||Made available in DSpace on 2018-09-03T23:21:18Z (GMT). No. of bitstreams: 1
Tesis Oswaldo Tacilla Cortes.pdf: 1764151 bytes, checksum: 1b9bff2644c97a3482733ff01976f177 (MD5)
  Previous issue date: 2016",application/pdf,,https://dspace.um.edu.mx/handle/20.500.11972/353,spa,,Lealtad||Atención hospitalaria,Factores predictores de la lealtad validado en pacientes internos del hospital del sureste,info:eu-repo/semantics/masterThesis,
712a859f-c13e-4ee3-aab6-9b954dbf04bc,20.500.11972/136,"Acosta Enríquez, María Elena",,"Gómez Alaniz, Virginia",,2018-09-03T23:24:51Z,,2018-09-03T23:24:51Z,,2018,,"A través del tiempo se ha observado que los procesos de atención al estudiante en el área de consulta externa del HLC, es importante que toda información contenida en cada expediente sea completa asimismo es importante conocer entre la población de estudiantes el tipo y la frecuencia de morbilidad, a fin de identificar los casos de riesgo de desnutrición, sobrepeso, obesidad y otras enfermedades no transmisibles e infecciosas. Los resultados dieron la conclusión que las mujeres y los alumnos (as) externos consultan con mayor regularidad y que las primeras 3 causas principales de consulta ocurren por enfermedades respiratorias, alteraciones del sistema óseo y sistema gastrointestinal.",Maestría en Salud Pública,"Submitted by Lesly Montalvo (leslymontalvof@hotmail.com) on 2018-09-03T23:24:51Z
No. of bitstreams: 1
Tesis Virginia Gómez Alaniz.pdf: 2585568 bytes, checksum: 708b1415c4bb20b2bda6b12b9feb49e6 (MD5)||Made available in DSpace on 2018-09-03T23:24:51Z (GMT). No. of bitstreams: 1
Tesis Virginia Gómez Alaniz.pdf: 2585568 bytes, checksum: 708b1415c4bb20b2bda6b12b9feb49e6 (MD5)
  Previous issue date: 2018",application/pdf,,https://dspace.um.edu.mx/handle/20.500.11972/355,spa,,Estudiantes universitarios||Atención hospitalaria||Morbilidad,"Procesos de atención para estudiantes de la UM en servicios de consulta externa del HLC, frecuencia de morbilidad y relación con el IMC",info:eu-repo/semantics/masterThesis,
999ecf22-502b-4931-9b69-b52fb36e686c,20.500.11972/136,"Jiménez Ortiz, José Leonardo",,"Calderón Porras, Alma Nidia",,2019-05-20T22:39:40Z,,2019-05-20T22:39:40Z,,2019,,"Esta investigación es no experimental, cuantitativa, descriptiva, transversal y explicativa.
Participaron 41 infantes, 16 mujeres y 25 varones con edades de 1 a 12 años que
asistieron al centro de salud de la comunidad de Siltepec. Se examinó a los pacientes a
través de una evaluación intraoral y se evaluó la prevalencia de caries mediante el índice COP-D y ceo-d, la severidad mediante los criterios ICDAS II y una encuesta
sociodemográfica para medir el consumo de azúcares, frutas y el cepillado diario de cada
infante. Los resultados reportaron una alta incidencia del 59% de caries inicial, 28% de
caries avanzada y 13% de caries intermedia. Respecto de los factores asociados, se
encontró el consumo de azúcares en frutas y golosinas, así como factores asociados a la
higiene bucal en el cepillado. Se concluye que la ingesta de azúcares es mayormente por
fruta asociada con una higiene diaria; se observó un porcentaje mínimo de caries avanzada
por el bajo consumo de azúcares refinados debido a que la dieta está basada en frutas y
verduras.",Maestría en Salud Pública,"Submitted by Nestor Ramírez (neraz@um.edu.mx) on 2019-05-20T22:39:39Z
No. of bitstreams: 1
Tesis Alma Calderón.pdf: 918187 bytes, checksum: 54d2205b6cfad425009c04b1b51e72ef (MD5)||Made available in DSpace on 2019-05-20T22:39:40Z (GMT). No. of bitstreams: 1
Tesis Alma Calderón.pdf: 918187 bytes, checksum: 54d2205b6cfad425009c04b1b51e72ef (MD5)
  Previous issue date: 2019",application/pdf,,https://dspace.um.edu.mx/handle/20.500.11972/1051,spa,Enfermedades de los dientes,Odontología preventiva,"Prevalencia de caries dental en infantes de comunidades indígenas de Chiapas, México",info:eu-repo/semantics/masterThesis,
45645128-d509-49c5-839f-8457d54261d9,20.500.11972/136,"Carpintero, Abel",,"Puchoc Esteban, Carmen María",,2018-08-28T22:21:36Z,,2018-08-28T22:21:36Z,,1996,,"El propósito de esta investigación es confirmar si hay diferencia de conocimiento de lactancia materna y métodos utilizados para su promoción entre el personal de salud, y valorar los conocimientos sobre lactancia materna del personal de salud en diferentes instituciones. Como conclusión se muestra que los conocimientos de lactancia materna varían de acuerdo a la profesión del personal de salud, así como también la frecuencia de impartir orientación a las madres acerca de la importancia de la lactancia.",Maestría en Salud Pública,"Submitted by Lesly Montalvo (leslymontalvof@hotmail.com) on 2018-08-28T22:21:36Z
No. of bitstreams: 1
Tesis Carmen Maria  Puchoc Esteban.pdf: 63882129 bytes, checksum: 9076f882a3c2ed6f6686c8054a965ac9 (MD5)||Made available in DSpace on 2018-08-28T22:21:36Z (GMT). No. of bitstreams: 1
Tesis Carmen Maria  Puchoc Esteban.pdf: 63882129 bytes, checksum: 9076f882a3c2ed6f6686c8054a965ac9 (MD5)
  Previous issue date: 1996",application/pdf,,https://dspace.um.edu.mx/handle/20.500.11972/210,spa,,Lactancia materna||Niños lactantes - Nutrición||Leche materna,Diferencia de conocimiento sobre lactancia materna y su promoción entre el personal de salud en cinco municipios del estado de Nuevo León,info:eu-repo/semantics/doctoralThesis,
05e522d6-a101-448c-82c4-6686ed79c71d,20.500.11972/136,"Goley, John",,"Valle López, Elma Ludivina del",,2018-08-27T21:39:45Z,,2018-08-27T21:39:45Z,,1994,,"El sanatorio debe ser una institución en el mundo para llevar a cabo grandes reformas y corregir hábitos equivocados de vida. Esta investigación nos mostró el resultado del análisis del Hospital y Sanatorio Montemorelos, el cual es que reúne los requisitos que debe tener una Institución médica adventista, el paciente queda satisfecho por el servicio recibido, su tecnología va de acuerdo a los avances del tiempo en que vivimos, etc.",Maestría en Salud Pública,"Submitted by Nestor Ramírez (neraz@um.edu.mx) on 2018-08-27T21:39:45Z
No. of bitstreams: 1
Tesis Elma Ludivina Del Valle Lopez.pdf: 27304545 bytes, checksum: 1ee72b3c15cd1052645ae8d7b40c0cbc (MD5)||Made available in DSpace on 2018-08-27T21:39:45Z (GMT). No. of bitstreams: 1
Tesis Elma Ludivina Del Valle Lopez.pdf: 27304545 bytes, checksum: 1ee72b3c15cd1052645ae8d7b40c0cbc (MD5)
  Previous issue date: 1994",application/pdf,,https://dspace.um.edu.mx/handle/20.500.11972/157,spa,,Hospitales||México||Adventistas del Séptimo Día - Hospitales,Evaluación de los pacientes sobre la calidad y filosofía del Hospital y Sanatorio Montemorelos,info:eu-repo/semantics/masterThesis,
d0d87056-8acd-4eea-a843-e563cfd57f2e,20.500.11972/1301,"Gil Santamaria, Alejandro||Aviles Alatriste, Gener||Gonzalez Mejía, Verenice||Rodriguez, Jaime||Medina Toro, Francys",,"Hernández González, Estelita||Zegarra Hernández, Ted Isaac||Castillo Pérez, Glory Yoani",,2021-04-06T16:02:30Z,,2021-04-06T16:02:30Z,,2017,,,Trabajo de investigación - Médico Cirujano,"Submitted by Adriana Leuro (aleuro74@uan.edu.co) on 2021-04-06T16:02:30Z
No. of bitstreams: 1
Diferencias en la deserción escolar, dependiendo de su endeudamiento financiero en los alumnos de primer año de la carrera de medicina de la Universidad de Montemorelos.pdf: 449639 bytes, checksum: d7988b98b4c0128ff698537b3c481984 (MD5)||Made available in DSpace on 2021-04-06T16:02:30Z (GMT). No. of bitstreams: 1
Diferencias en la deserción escolar, dependiendo de su endeudamiento financiero en los alumnos de primer año de la carrera de medicina de la Universidad de Montemorelos.pdf: 449639 bytes, checksum: d7988b98b4c0128ff698537b3c481984 (MD5)
  Previous issue date: 2017",application/pdf,,https://dspace.um.edu.mx/handle/20.500.11972/1306,spa,Deserción universitaria – Montemorelos||Autofinanciamiento||Deuda,Estudiantes de medicina – Finanzas,"Diferencias en la deserción escolar, dependiendo de su endeudamiento financiero en los alumnos de primer año de la carrera de medicina de la Universidad de Montemorelos",info:eu-repo/semantics/bachelorThesis,
31db75d4-2e5c-4096-9d83-1f76e0d7788a,20.500.11972/1301,"González Mejía, Verenice||Francisco Cabral Amador",,"Gómez Chávez, Laura Shadai",,2021-04-06T15:49:43Z,,2021-04-06T15:49:43Z,,2017,,,Trabajo de investigación - Médico Cirujano,"Submitted by Adriana Leuro (aleuro74@uan.edu.co) on 2021-04-06T15:49:43Z
No. of bitstreams: 1
Asociación entre factores de estilo de vida y comportamiento de Na, K, Cl y CK como marcadores de deshidratación y_o rabdomiólisis, en estudiantes de la Universidad de Montemorelos, enero - mayo 2017..pdf: 542602 bytes, checksum: efa1080320c02609c8fa81ec9eda3851 (MD5)||Made available in DSpace on 2021-04-06T15:49:43Z (GMT). No. of bitstreams: 1
Asociación entre factores de estilo de vida y comportamiento de Na, K, Cl y CK como marcadores de deshidratación y_o rabdomiólisis, en estudiantes de la Universidad de Montemorelos, enero - mayo 2017..pdf: 542602 bytes, checksum: efa1080320c02609c8fa81ec9eda3851 (MD5)
  Previous issue date: 2017",application/pdf,,https://dspace.um.edu.mx/handle/20.500.11972/1304,spa,Deshidratación,Estilo de vida – Estudiantes Universitarios – Montemorelos – 2017,"Asociación entre factores de estilo de vida y comportamiento de Na, K, Cl y CK como marcadores de deshidratación y/o rabdomiólisis, en estudiantes de la Universidad de Montemorelos, enero - mayo 2017",info:eu-repo/semantics/bachelorThesis,
49e7675b-0ce6-4aa8-a52c-c9a7529e3bff,20.500.11972/1301,"Florián Ruiz, Ricardo Elio||González Mejía, Verenice||Cabral Amador, Francisco",,"Rueda, Gustavo Rafael",,2021-04-06T15:53:55Z,,2021-04-06T15:53:55Z,,2017,,,Trabajo de investigación - Médico Cirujano,"Submitted by Adriana Leuro (aleuro74@uan.edu.co) on 2021-04-06T15:53:55Z
No. of bitstreams: 1
Características epidemiológicas, clínicas, tratamiento y pronóstico de los pacientes con síndrome coronario agudo en Hospital La Carlota..pdf: 232440 bytes, checksum: a1194c00fab7bd349f5293de8ef53303 (MD5)||Made available in DSpace on 2021-04-06T15:53:55Z (GMT). No. of bitstreams: 1
Características epidemiológicas, clínicas, tratamiento y pronóstico de los pacientes con síndrome coronario agudo en Hospital La Carlota..pdf: 232440 bytes, checksum: a1194c00fab7bd349f5293de8ef53303 (MD5)
  Previous issue date: 2017",application/pdf,,https://dspace.um.edu.mx/handle/20.500.11972/1305,spa,,Síndrome Coronario Agudo – Tratamiento,"Características epidemiológicas, clínicas, tratamiento y pronóstico de los pacientes con síndrome coronario agudo en Hospital La Carlota",info:eu-repo/semantics/bachelorThesis,
7d2c2e82-ead3-4d3f-99e0-380a23c54e47,20.500.11972/1301,"González Mejía, Verenice||Rodríguez Gómez, Jaime||Medina Toro, Francys",,"García Gómez, Juan Manuel||Chacón Galvis, Daniel José||Gómez Flores, Ever Asael||Vilorio Lemus, Gustavo Edrey||Moreno Charles, Alexandro Sebastián",,2021-04-06T16:16:35Z,,2021-04-06T16:16:35Z,,2017,,,Trabajo de investigación - Médico Cirujano,"Submitted by Adriana Leuro (aleuro74@uan.edu.co) on 2021-04-06T16:16:35Z
No. of bitstreams: 1
Estilos de afrontamiento según los factores estresantes en alumnos de medicina de la Universidad de Montemorelos, curso escolar enero - mayo 2017..pdf: 368405 bytes, checksum: 2645f4fd9a82473898a15aa59baff834 (MD5)||Made available in DSpace on 2021-04-06T16:16:35Z (GMT). No. of bitstreams: 1
Estilos de afrontamiento según los factores estresantes en alumnos de medicina de la Universidad de Montemorelos, curso escolar enero - mayo 2017..pdf: 368405 bytes, checksum: 2645f4fd9a82473898a15aa59baff834 (MD5)
  Previous issue date: 2017",application/pdf,,https://dspace.um.edu.mx/handle/20.500.11972/1308,spa,Estrés (Psicología),Estudiantes de medicina – Universidad de Montemorelos – 2017,"Estilos de afrontamiento según los factores estresantes en alumnos de medicina de la Universidad de Montemorelos, curso escolar enero - mayo 2017",info:eu-repo/semantics/bachelorThesis,
2cf3979e-da2a-4260-8da2-557abe89aac3,20.500.11972/1301,"Avilés Alatriste, Géner José||Francys, Medina Toro||Monárrez, Víctor||González Mejía, Verenice",,"Zamora Cortés, Carmen Luz",,2021-04-06T16:08:34Z,,2021-04-06T16:08:34Z,,2017,,,Trabajo de investigación - Médico Cirujano,"Submitted by Adriana Leuro (aleuro74@uan.edu.co) on 2021-04-06T16:08:34Z
No. of bitstreams: 1
Disposición para ser donador de órganos y nivel de conocimiento del tema en pacientes de una comunidad rural. (1).pdf: 449548 bytes, checksum: 6b914c65fb7d3a66dbec8cf7ac931027 (MD5)||Made available in DSpace on 2021-04-06T16:08:34Z (GMT). No. of bitstreams: 1
Disposición para ser donador de órganos y nivel de conocimiento del tema en pacientes de una comunidad rural. (1).pdf: 449548 bytes, checksum: 6b914c65fb7d3a66dbec8cf7ac931027 (MD5)
  Previous issue date: 2017",application/pdf,,https://dspace.um.edu.mx/handle/20.500.11972/1307,spa,"Donación de órganos, tejidos, etc.","Donación de órganos, tejidos, etc.",Disposición para ser donador de órganos y nivel de conocimiento del tema en pacientes de una comunidad rural,info:eu-repo/semantics/bachelorThesis,
8e55fdfc-a6d9-4d32-8d07-a0abfc58f3f5,20.500.11972/1301,"de la Caridad Acosta, Miriam||Rodríguez, Jaime||González Mejía, Verenice",,"Jiménez Martínez, Ana Laura||Torres González, Sidney||Muñoz Gómez, Esteban Jahaziel",,2021-04-06T16:23:11Z,,2021-04-06T16:23:11Z,,2017,,,Trabajo de investigación - Médico Cirujano,"Submitted by Adriana Leuro (aleuro74@uan.edu.co) on 2021-04-06T16:23:11Z
No. of bitstreams: 1
Estilos de socialización parental como predictor de ideación suicida en estudiantes de preparatoria Ignacio Carrillo Franco, mayo 2017..pdf: 212573 bytes, checksum: 9f4b74265fcca6e7924a84faa30b9561 (MD5)||Made available in DSpace on 2021-04-06T16:23:11Z (GMT). No. of bitstreams: 1
Estilos de socialización parental como predictor de ideación suicida en estudiantes de preparatoria Ignacio Carrillo Franco, mayo 2017..pdf: 212573 bytes, checksum: 9f4b74265fcca6e7924a84faa30b9561 (MD5)
  Previous issue date: 2017",application/pdf,,https://dspace.um.edu.mx/handle/20.500.11972/1309,spa,Juventud – Conducta suicida,Padres y adolescentes,"Estilos de socialización parental como predictor de ideación suicida en estudiantes de preparatoria Ignacio Carrillo Franco, mayo 2017",info:eu-repo/semantics/bachelorThesis,
cdae5a40-9490-4847-a058-fe3ce7ae7216,20.500.11972/1301,"Gonzalez Mejía, Verenice||Jiménez Martínez, Ana Laura",,"Cáceres Colquehuanca, Jakeline",,2021-04-06T16:48:28Z,,2021-04-06T16:48:28Z,,2017,,,Trabajo de investigación - Médico Cirujano,"Submitted by Adriana Leuro (aleuro74@uan.edu.co) on 2021-04-06T16:48:28Z
No. of bitstreams: 1
Primeras 10 causas de morbi-mortalidad en el Estado de Nayarit, México. Recomendaciones previas a una Brigada Médico-Asistencial..pdf: 395848 bytes, checksum: 33825ddfede8cf6ef090d1d41879ae23 (MD5)||Made available in DSpace on 2021-04-06T16:48:28Z (GMT). No. of bitstreams: 1
Primeras 10 causas de morbi-mortalidad en el Estado de Nayarit, México. Recomendaciones previas a una Brigada Médico-Asistencial..pdf: 395848 bytes, checksum: 33825ddfede8cf6ef090d1d41879ae23 (MD5)
  Previous issue date: 2017",application/pdf,,https://dspace.um.edu.mx/handle/20.500.11972/1312,spa,Mortalidad – Nayarit – México||Atención médica colectiva,Morbilidad – Nayarit – México,"Primeras 10 causas de morbi-mortalidad en el estado de Nayarit, México. Recomendaciones previas a brigada médico- asistencial",info:eu-repo/semantics/bachelorThesis,
b22bfa62-0955-4b61-b230-42861708fb6f,20.500.11972/1301,"González Mejía, Verenice||Jiménez Martínez, Ana Laura",,"Prado Rodríguez, Javier David",,2021-04-06T16:39:03Z,,2021-04-06T16:39:03Z,,2016,,,Trabajo de investigación - Médico Cirujano,"Submitted by Adriana Leuro (aleuro74@uan.edu.co) on 2021-04-06T16:39:03Z
No. of bitstreams: 1
Índice de Quetelet y consumo de bebidas de acuerdo a la Jarra del buen beber, en alumnos de Hacienda Guadalupe N.L, diciembre 2016..pdf: 466145 bytes, checksum: 4d1de5768e5b9cd36304993727149cf2 (MD5)||Made available in DSpace on 2021-04-06T16:39:03Z (GMT). No. of bitstreams: 1
Índice de Quetelet y consumo de bebidas de acuerdo a la Jarra del buen beber, en alumnos de Hacienda Guadalupe N.L, diciembre 2016..pdf: 466145 bytes, checksum: 4d1de5768e5b9cd36304993727149cf2 (MD5)
  Previous issue date: 2016",application/pdf,,https://dspace.um.edu.mx/handle/20.500.11972/1310,spa,Obesidad en niños,Índice de Masa Corporal – Niños – Nuevo León – 2016,"Índice de Quetelet y consumo de bebidas de acuerdo a la Jarra del buen beber, en alumnos de Hacienda Guadalupe N.L, diciembre 2016",info:eu-repo/semantics/bachelorThesis,
4e201063-4b7f-4c9c-9e75-2fbf3a76f81f,20.500.11972/1301,"González Mejía, Verenice||Calderón Ríos, Melissa||Loera Aguilar, Enrique",,"Zacarias Marin, Ricardo",,2021-04-06T16:42:25Z,,2021-04-06T16:42:25Z,,2013,,,Trabajo de investigación - Médico Cirujano,"Submitted by Adriana Leuro (aleuro74@uan.edu.co) on 2021-04-06T16:42:25Z
No. of bitstreams: 1
Intervención salubrista complementaria para reducir la morbilidad por Dengue .pdf: 3907000 bytes, checksum: f0b229787bd1fee97306dd2e964a26ac (MD5)||Made available in DSpace on 2021-04-06T16:42:25Z (GMT). No. of bitstreams: 1
Intervención salubrista complementaria para reducir la morbilidad por Dengue .pdf: 3907000 bytes, checksum: f0b229787bd1fee97306dd2e964a26ac (MD5)
  Previous issue date: 2013",application/pdf,,https://dspace.um.edu.mx/handle/20.500.11972/1311,spa,Morbilidad – Montemorelos – Nuevo León – 2012-2013,Dengue – Prevención y control – Montemorelos – Nuevo León – 2012-2013,Intervención salubrista complementaria para reducir la morbilidad por Dengue en el año 2013 en comparación con el año 2012 en Montemorelos Nuevo León,info:eu-repo/semantics/bachelorThesis,
aa234ab7-8543-4b0f-95f5-f59ac461a69b,20.500.11972/1301,"Jiménez Amador, Hazael||Medina Toro, Francys||González Mejía, Verenice||Monarrez, Víctor",,"Aragón Vega, Ariadna Noemí||Quintero Galvis, Gerson David||Hernández Guizar, Gonzalo",,2021-04-06T16:55:52Z,,2021-04-06T16:55:52Z,,2017,,,Trabajo de investigación - Médico Cirujano,"Submitted by Adriana Leuro (aleuro74@uan.edu.co) on 2021-04-06T16:55:52Z
No. of bitstreams: 1
Sospecha clinica de EPOC versus diagnóstico confirmatorio con espirometria.pdf: 339371 bytes, checksum: cf9834ed55522490fa6b0b01c23ed02a (MD5)||Made available in DSpace on 2021-04-06T16:55:52Z (GMT). No. of bitstreams: 1
Sospecha clinica de EPOC versus diagnóstico confirmatorio con espirometria.pdf: 339371 bytes, checksum: cf9834ed55522490fa6b0b01c23ed02a (MD5)
  Previous issue date: 2017",application/pdf,,https://dspace.um.edu.mx/handle/20.500.11972/1313,spa,Enfermedad Pulmonar Obstructiva Crónica,Espirometría – Diagnóstico,Confirmación diagnóstica con espirometría en pacientes con sospecha clínica de EPOC,info:eu-repo/semantics/bachelorThesis,
12dc430b-4864-4461-aaa6-e7aa683fa86d,20.500.11972/1301,"González Mejía, Verenice||Cabral Amador, Francisco",,"Uriegas de la Garza, Elsa Mirella",,2021-04-06T15:44:41Z,,2021-04-06T15:44:41Z,,2017,,,Trabajo de investigación - Médico Cirujano,"Submitted by Adriana Leuro (aleuro74@uan.edu.co) on 2021-04-06T15:44:41Z
No. of bitstreams: 1
“Percepción de los padres sobre el peso del escolar, asociado al índice de masa corporal real”. Realizado en la Unidad de Medicina Familiar #3 en Monterrey, NL. en noviembre 2017..pdf: 362344 bytes, checksum: c355d848d8ddc8fd27347ee28edfcb56 (MD5)||Made available in DSpace on 2021-04-06T15:44:41Z (GMT). No. of bitstreams: 1
“Percepción de los padres sobre el peso del escolar, asociado al índice de masa corporal real”. Realizado en la Unidad de Medicina Familiar #3 en Monterrey, NL. en noviembre 2017..pdf: 362344 bytes, checksum: c355d848d8ddc8fd27347ee28edfcb56 (MD5)
  Previous issue date: 2017",application/pdf,,https://dspace.um.edu.mx/handle/20.500.11972/1303,spa,Índice de Masa Corporal||Obesidad en niños,Peso corporal,"Percepción de los padres sobre el peso del escolar, asociado al índice de masa corporal real",info:eu-repo/semantics/bachelorThesis,
