id,collection,dc.contributor.advisor,dc.contributor.advisor[],dc.contributor.author,dc.contributor.author[],dc.date.accessioned,dc.date.accessioned[],dc.date.available,dc.date.available[],dc.date.issued,dc.date.issued[],dc.description.abstract[],dc.description.abstract[es_MX],dc.description.provenance[en],dc.format[es_MX],dc.identifier.uri,dc.identifier.uri[],dc.language.iso[es_MX],dc.subject[],dc.subject[es_MX],dc.title[es_MX],dc.type[es_MX]
f240e6a4-d8f2-40b2-bc0d-e19242fd2fdd,20.500.11972/435,,"Espinosa Almazán, Moisés",,"Clemente Martínez, Adriel",,2018-09-06T22:36:31Z,,2018-09-06T22:36:31Z,,2007,"En esta tesis se destaca la conclusión de que los hijos de pastores de la Unión Mexicana del Sur manifiestan una actitud correcta hacia la iglesia. Dedican tiempo para su devoción personal, experimentan un estilo de vida conforme a la enseñanza adventista, se integran a la adoración y el culto, sus necesidades básicas están siendo satisfechas, practican los valores familiares, están satisfechos con el trabajo de su padre y se dedica tiempo en ellos.",Doctorado en Ministerio,"Submitted by Lesly Montalvo (leslymontalvof@hotmail.com) on 2018-09-06T22:36:31Z
No. of bitstreams: 1
Tesis Adriel Clemente Martinez.pdf: 74561669 bytes, checksum: 2e44d58419d9d3ec9cff3345b2c7af39 (MD5)||Made available in DSpace on 2018-09-06T22:36:31Z (GMT). No. of bitstreams: 1
Tesis Adriel Clemente Martinez.pdf: 74561669 bytes, checksum: 2e44d58419d9d3ec9cff3345b2c7af39 (MD5)
  Previous issue date: 2007",application/pdf,,https://dspace.um.edu.mx/handle/20.500.11972/446,spa,,Espiritualidad - Hijos||Ministros (Religión) - Hijos||Adventista del Séptimo Día - Espiritualidad,Las necesidades espirituales y familiares de los hijos de pastores en la Union Mexicana del Sur : análisis y recomendaciones /,info:eu-repo/semantics/doctoralThesis
e8b922e5-a03d-4cb9-aff7-bc3284a471b9,20.500.11972/435,,"Valenzuela, Alfonso",,"González Esteban, Ervin A.",,2018-09-06T22:09:24Z,,2018-09-06T22:09:24Z,,2002,"Esta tesis concluye en que las tendencias y actitudes que la juventud experimenta en otras partes del mundo (rebeldía, vicios, malas actitudes, etc.) son semejantes en todas partes. Los problemas que afligen a la humanidad afectan de diversas formas a todos, porque son universales.",Doctorado en Ministerio,"Submitted by Lesly Montalvo (leslymontalvof@hotmail.com) on 2018-09-06T22:09:24Z
No. of bitstreams: 1
Tesis Ervin Alexis González Esteban.pdf: 65442613 bytes, checksum: 618c40203f9bd0b1b87a757de5b08f63 (MD5)||Made available in DSpace on 2018-09-06T22:09:24Z (GMT). No. of bitstreams: 1
Tesis Ervin Alexis González Esteban.pdf: 65442613 bytes, checksum: 618c40203f9bd0b1b87a757de5b08f63 (MD5)
  Previous issue date: 2002",application/pdf,,https://dspace.um.edu.mx/handle/20.500.11972/443,spa,Juventud – Vida espiritual – Adventistas del Séptimo Día,Juventud – Tabasco (México) – Adventistas del Séptimo Día,"Un estudio sobre la vida espiritual de los jóvenes adventistas en Tabasco, México",info:eu-repo/semantics/doctoralThesis
1b767b0f-668f-4534-a26d-14588431c07c,20.500.11972/435,,"Dzul Trejo, Jorge Rodolfo",,"Acevedo Butrón, Daniel",,2018-09-06T22:44:03Z,,2018-09-06T22:44:03Z,,2007,"Esta tesis concluye con que una de las maneras para hacer evangelismo es plantando iglesias. Y aunque diferentes modelos se usan para plantar nuevas iglesias, en la ciudad de Villahermosa se ha utilizado mayormente los de iglesia en casa y de iglesia madre.",Doctorado en Ministerio,"Submitted by Lesly Montalvo (leslymontalvof@hotmail.com) on 2018-09-06T22:44:03Z
No. of bitstreams: 1
Tesis Daniel Acevedo Burtron.pdf: 61956771 bytes, checksum: 911519fb87575b3de49489f03a7ac6c8 (MD5)||Made available in DSpace on 2018-09-06T22:44:03Z (GMT). No. of bitstreams: 1
Tesis Daniel Acevedo Burtron.pdf: 61956771 bytes, checksum: 911519fb87575b3de49489f03a7ac6c8 (MD5)
  Previous issue date: 2007",application/pdf,,https://dspace.um.edu.mx/handle/20.500.11972/448,spa,,Desarrollo de la iglesia - Adventista del Séptimo Día||Crecimiento de iglesia  - Villahermosa (Tabasco),"Un análisis de métodos utilizados en la plantación de Iglesias Adventistas en la ciudad de Villa Hermosa, Tabasco",info:eu-repo/semantics/doctoralThesis
1cf35fe3-3ed3-4ef9-a7d1-807d444079d8,20.500.11972/435,,"Dzul Trejo, Jorge Rodolfo",,"Hernández Velázquez, Francisco",,2018-09-06T22:47:02Z,,2018-09-06T22:47:02Z,,2007,"El estudio mostró los factores que, tanto adventistas como no adventistas, afirman son causas de discreción en la Unión Cubana. Estos fueron: descuido del estudio de la Biblia y de la oración, Falta de compañerismo de los miembros, preparación deficiente para el bautismo y descuido del trabajo misionero.",Doctorado en Ministerio,"Submitted by Lesly Montalvo (leslymontalvof@hotmail.com) on 2018-09-06T22:47:02Z
No. of bitstreams: 1
Tesis Francisco Hernández Velázquez.pdf: 75735424 bytes, checksum: 9ad8f11e3c1275f5d477e4f0778b4de6 (MD5)||Made available in DSpace on 2018-09-06T22:47:02Z (GMT). No. of bitstreams: 1
Tesis Francisco Hernández Velázquez.pdf: 75735424 bytes, checksum: 9ad8f11e3c1275f5d477e4f0778b4de6 (MD5)
  Previous issue date: 2007",application/pdf,,https://dspace.um.edu.mx/handle/20.500.11972/449,spa,,Retención (Miembros) - Programa | Retención (Miembros) - Adventista del Séptimo Día||Retención (Miembros) - Cuba - Adventista del Séptimo Día,Un programa de retención de miembros para la Unión Cubana de los Adventistas del Séptimo Día,info:eu-repo/semantics/doctoralThesis
57fc6843-ea15-4a43-936e-73c829d752a5,20.500.11972/435,,"Espinosa Almazán, José Mercedes",,"Mazariego Caraveo, Gustavo",,2018-09-06T22:50:30Z,,2018-09-06T22:50:30Z,,2007,Esta tesis concluye en que el término instrucción misionera se aplica a todo proceso en el cual se adquiere el conocimiento y la habilidad para realizar las actividades misioneras.,Doctorado en Ministerio,"Submitted by Lesly Montalvo (leslymontalvof@hotmail.com) on 2018-09-06T22:50:30Z
No. of bitstreams: 1
Tesis Gustavo Mazariego Caraveo.pdf: 96973257 bytes, checksum: 8c32092083e972ecd1866423d215ba5b (MD5)||Made available in DSpace on 2018-09-06T22:50:30Z (GMT). No. of bitstreams: 1
Tesis Gustavo Mazariego Caraveo.pdf: 96973257 bytes, checksum: 8c32092083e972ecd1866423d215ba5b (MD5)
  Previous issue date: 2007",application/pdf,,https://dspace.um.edu.mx/handle/20.500.11972/450,spa,,"Evangelismo - Capacitación, instrucción Mérida (Yucatán)||Escuela religiosa - Adventista del Séptimo Día||Escuela religiosa - Mérida (Yucatán)",Implementación de una escuela de instrucción misionera para la Iglesia Adventista de Mérida,info:eu-repo/semantics/doctoralThesis
0e47dd1d-5069-4430-9b11-4e0fce6de468,20.500.11972/435,,"Espinosa Almazán, José Mercedes",,"Lozano Reyes, Abimael",,2018-09-10T21:24:25Z,,2018-09-10T21:24:25Z,,2015,En esta tesis se concluye que el estudio estadístico tuvo como propósito lograr una comprensión de la dinámica poblacional adventista en México durante el periodo de los años 2000 al 2010.,Doctorado en Ministerio,"Submitted by Lesly Montalvo (leslymontalvof@hotmail.com) on 2018-09-10T21:24:25Z
No. of bitstreams: 1
Tesis SETAI Lozano Reyes.pdf: 109082183 bytes, checksum: e121baaef3f98323103792794970681c (MD5)||Made available in DSpace on 2018-09-10T21:24:25Z (GMT). No. of bitstreams: 1
Tesis SETAI Lozano Reyes.pdf: 109082183 bytes, checksum: e121baaef3f98323103792794970681c (MD5)
  Previous issue date: 2015",application/pdf,,https://dspace.um.edu.mx/handle/20.500.11972/502,spa,,Adventistas del Séptimo Día - México - 2000 - 2010,Un estudio estadístico del crecimiento poblacional y la distribución geográfica de los adventistas del séptimo día en México durante el periodo de los años 2000-2010,info:eu-repo/semantics/doctoralThesis
1fe1b020-831b-47b2-867d-f24942d178b0,20.500.11972/435,,"Espinosa Almazán, José Mercedes",,"Armenta Espinoza, Héctor R.",,2018-09-10T19:52:29Z,,2018-09-10T19:52:29Z,,2007,"Esta investigación ha abierto el campo para profundizar, aún más, sobre el tema del incremento de la participación de los miembros en el trabajo misionero. La capacitación para los miembros de iglesia es indispensable.",Doctorado en Ministerio,"Submitted by Lesly Montalvo (leslymontalvof@hotmail.com) on 2018-09-10T19:52:29Z
No. of bitstreams: 1
Tesis Hector R.  Armenta Espinoza.pdf: 98395032 bytes, checksum: e063675eb8419a79dc72057c0f3593de (MD5)||Made available in DSpace on 2018-09-10T19:52:29Z (GMT). No. of bitstreams: 1
Tesis Hector R.  Armenta Espinoza.pdf: 98395032 bytes, checksum: e063675eb8419a79dc72057c0f3593de (MD5)
  Previous issue date: 2007",application/pdf,,https://dspace.um.edu.mx/handle/20.500.11972/479,eng,,Evangelismo - Capacitación||Instrucción||Evangelismo - Iglesia de Salamanca (Guanajuato)||Iglesia Adventista del Séptimo Día,"Un programa para incrementar la participación de los miembros en el trabajo misionero en la Iglesia Adventista de Salamanca, Guanajuato, México",info:eu-repo/semantics/doctoralThesis
9e48bc1c-faa1-4712-b650-19c3b1abf008,20.500.11972/435,,"Espinosa Almazán, Moisés",,"Córdova Cobo, Jesús Obed",,2018-09-10T19:55:40Z,,2018-09-10T19:55:40Z,,2007,"Al concluir el presente estudio se pueden obtener varias conclusiones entre las que pueden destacar que la expresión obra misionera es un término utilizado por la mayoría de las iglesias cristianas como la acción de llevar el evangelio a territorios aún no conquistados,",Doctorado en Ministerio,"Submitted by Lesly Montalvo (leslymontalvof@hotmail.com) on 2018-09-10T19:55:40Z
No. of bitstreams: 1
Tesis Jesus Obed Córdoba Cobo.pdf: 77662108 bytes, checksum: 2a621ca01c0391b94b2e457feb865410 (MD5)||Made available in DSpace on 2018-09-10T19:55:40Z (GMT). No. of bitstreams: 1
Tesis Jesus Obed Córdoba Cobo.pdf: 77662108 bytes, checksum: 2a621ca01c0391b94b2e457feb865410 (MD5)
  Previous issue date: 2007",application/pdf,,https://dspace.um.edu.mx/handle/20.500.11972/480,spa,,"Misionero - Programa - Iglesia de Tapachula (México)||Misionero - Estudio y enseñanza||Misionero - Capacitación, instrucción","Creación e implementación de un programa misionero para la iglesia central en Tapachula, Chiapas, México",info:eu-repo/semantics/doctoralThesis
2e91f092-7982-42d8-ac74-c4ec251a59ba,20.500.11972/435,,"Espinosa Almazán, Moisés",,"Rosa Córdova, José de la",,2018-09-10T19:59:11Z,,2018-09-10T19:59:11Z,,2007,"Esta tesis concluye en que los padres no necesitan desanimarse al ver que el esfuerzo que han hecho para mantener a sus hijos dentro de la iglesia, aparentemente ha sido infructuoso. Algunas veces las intenciones han sido la de retenerlos para que ellos tomen la bandera para cuando los adultos tengan que dejar.",Doctorado en Ministerio,"Submitted by Lesly Montalvo (leslymontalvof@hotmail.com) on 2018-09-10T19:59:11Z
No. of bitstreams: 1
Tesis Jose De la Rosa Cordova.pdf: 67505406 bytes, checksum: 1d8c6c15e856273cda59fcfbc0283a4c (MD5)||Made available in DSpace on 2018-09-10T19:59:11Z (GMT). No. of bitstreams: 1
Tesis Jose De la Rosa Cordova.pdf: 67505406 bytes, checksum: 1d8c6c15e856273cda59fcfbc0283a4c (MD5)
  Previous issue date: 2007",application/pdf,,https://dspace.um.edu.mx/handle/20.500.11972/481,spa,,Adventista del Séptimo Día - Deserción eclesiástica||Deserción eclesiástica - Programa||Deserción eclesiástica - Iglesia de Juárez (Chiapas),"Programa para disminuir el nivel de deserción de la iglesia de hijos de padres adventistas de Juarez, Chiapas, México",info:eu-repo/semantics/doctoralThesis
2ae67f4a-d57c-4828-ba80-704c0be63178,20.500.11972/435,,"Espinosa Almazán, Moisés",,"Gómez Morales, Julián",,2018-09-10T20:04:10Z,,2018-09-10T20:04:10Z,,2007,"Este estudio reveló que existen ocho razones por las cuales la iglesia no se extiende entre algunas de ellas destacan: Hace falta participación misionera, falta de iniciativa misionera en nuevas colonias, falta enviar grupos de miembros para entender nuevas iglesias, entre otras más.",Doctorado en Ministerio,"Submitted by Lesly Montalvo (leslymontalvof@hotmail.com) on 2018-09-10T20:04:10Z
No. of bitstreams: 1
Tesis Julián Gomez Morales.pdf: 106221782 bytes, checksum: 8d523a0f71ff25ee283ecae4acb16cd3 (MD5)||Made available in DSpace on 2018-09-10T20:04:10Z (GMT). No. of bitstreams: 1
Tesis Julián Gomez Morales.pdf: 106221782 bytes, checksum: 8d523a0f71ff25ee283ecae4acb16cd3 (MD5)
  Previous issue date: 2007",application/pdf,,https://dspace.um.edu.mx/handle/20.500.11972/482,spa,,Evangelismo||Crecimiento de la iglesia||Obra evangelística,"Programa de evangelismo de extensión territorial para la Iglesia Central de Santa Ana, Toluca, Estado de México",info:eu-repo/semantics/doctoralThesis
bbbbfeb2-5cfd-4668-98c1-95867d3c1045,20.500.11972/435,,"Espinosa Almazán, Moisés",,"Márquez Rodríguez, Rolando",,2018-09-10T20:19:35Z,,2018-09-10T20:19:35Z,,2007,Esta tesis concluye que a medida que transcurre el tiempo se hace imperativo hacer esfuerzos deliberados que ayuden a las nuevas generaciones de adventistas a conocer sus raíces. Ellos no están exentos de peligros similares a los que enfrentó el pueblo de Dios en el pasado.,Doctorado en Ministerio,"Submitted by Lesly Montalvo (leslymontalvof@hotmail.com) on 2018-09-10T20:19:35Z
No. of bitstreams: 1
Tesis Rolando Marquez Rodriguez.pdf: 67774131 bytes, checksum: 6fff278749f3b5a4cc6e1866e5ab2d7c (MD5)||Made available in DSpace on 2018-09-10T20:19:35Z (GMT). No. of bitstreams: 1
Tesis Rolando Marquez Rodriguez.pdf: 67774131 bytes, checksum: 6fff278749f3b5a4cc6e1866e5ab2d7c (MD5)
  Previous issue date: 2007",application/pdf,,https://dspace.um.edu.mx/handle/20.500.11972/486,spa,Adventista del Séptimo Día - Organización||Historia denominacional - Programa - Linda Vista (Universidad),Adventista del Séptimo Día - Origen,Un programa de historia denominacional para los alumnos adventistas de la Universidad Linda Vista,info:eu-repo/semantics/doctoralThesis
47f68d2e-df33-4f01-aad4-a2edc7b24a79,20.500.11972/435,,"Espinosa Almazán, José Mercedes",,"Rodríguez Ramírez, Rubén",,2018-09-10T20:23:20Z,,2018-09-10T20:23:20Z,,2007,"Esta tesis concluye en que la mayordomía es una responsabilidad que Dios le estableció al hombre y que engloba todas las áreas de la vida humana. Dios responsabilizó a Adán y a Eva del gobierno de los animales y de toda la tierra, del huerto del Edén y de la educación de sus hijos antes y después del pecado.",Doctorado en Ministerio,"Submitted by Lesly Montalvo (leslymontalvof@hotmail.com) on 2018-09-10T20:23:20Z
No. of bitstreams: 1
Tesis Ruben Rodriguez Ramirez.pdf: 100736480 bytes, checksum: 248e1389a63329b97f91077b4e2d5850 (MD5)||Made available in DSpace on 2018-09-10T20:23:20Z (GMT). No. of bitstreams: 1
Tesis Ruben Rodriguez Ramirez.pdf: 100736480 bytes, checksum: 248e1389a63329b97f91077b4e2d5850 (MD5)
  Previous issue date: 2007",application/pdf,,https://dspace.um.edu.mx/handle/20.500.11972/487,spa,,Diezmos||Mayordomía - Estudio y enseñanza||Diezmos - Iglesia de Cunduacán (Tabasco)||Adventista del Séptimo del Día,Seminario de mayordomía de la dadivosidad en diezmos y ofrendas para la Iglesia la Esperanza,info:eu-repo/semantics/doctoralThesis
997b719d-8604-4486-867a-0aec37d5a75d,20.500.11972/435,,"Espinosa Almazán, José Mercedes",,"Almaguel Batista, Frankis",,2018-09-10T20:29:19Z,,2018-09-10T20:29:19Z,,2012,"Con la implementación del proyecto presentado en esta tesis, la formación de 100 EPM constituidos cada uno por seis parejas, lo que significa la participación de 600 parejas que trabajarán en las zonas A y B de la Asociación Puertorriqueña del Este de los Adventistas del Séptimo Día (APE).",Doctorado en Ministerio,"Submitted by Lesly Montalvo (leslymontalvof@hotmail.com) on 2018-09-10T20:29:19Z
No. of bitstreams: 1
Tesis Frankis Almaguel Batista.pdf: 112108266 bytes, checksum: e4ad41f509cbe71d2980e82ef017266a (MD5)||Made available in DSpace on 2018-09-10T20:29:19Z (GMT). No. of bitstreams: 1
Tesis Frankis Almaguel Batista.pdf: 112108266 bytes, checksum: e4ad41f509cbe71d2980e82ef017266a (MD5)
  Previous issue date: 2012",application/pdf,,https://dspace.um.edu.mx/handle/20.500.11972/489,spa,,Crecimiento de la iglesia||Obra evangelística||Trabajo de la iglesia,Método de trabajo y programa de capacitación para equipos constituidos por parejas misioneras en las zonas A y B de la Asociación Puertoriqueña del Este,info:eu-repo/semantics/doctoralThesis
c7affeed-c1c3-44b5-9cc0-14c8981dd31e,20.500.11972/435,,"Espinosa Almazán, José Mercedes",,"Acosta Palma, Leo Ramón",,2018-09-10T20:32:27Z,,2018-09-10T20:32:27Z,,2012,"Con la implementación del proyecto presentado en esta tesis, la formación de 100 EPM constituidos cada uno por seis parejas, lo que significa la participación de 600 parejas que trabajarán en las zonas A y B de la Asociación Puertorriqueña del Este de los Adventistas del Séptimo Día (APE).",Doctorado en Ministerio,"Submitted by Lesly Montalvo (leslymontalvof@hotmail.com) on 2018-09-10T20:32:27Z
No. of bitstreams: 1
Tesis Frankis Almaguel Batista.pdf: 112108266 bytes, checksum: e4ad41f509cbe71d2980e82ef017266a (MD5)||Made available in DSpace on 2018-09-10T20:32:27Z (GMT). No. of bitstreams: 1
Tesis Frankis Almaguel Batista.pdf: 112108266 bytes, checksum: e4ad41f509cbe71d2980e82ef017266a (MD5)
  Previous issue date: 2012",application/pdf,,https://dspace.um.edu.mx/handle/20.500.11972/490,spa,,Adventistas del Séptimo Día - Pastores||Obesidad||Salud - Enseñanza bíblica||Salud y religión,Compromiso con los principios de salud y su relación con la prevalencia de obesidad en los pastores adventistas de la Unión Venezolana Antillana,info:eu-repo/semantics/doctoralThesis
af912e6c-b794-4d58-9efc-b8d61cb19d18,20.500.11972/435,,"Tenorio, Rubén",,"Oviedo Calles, Max",,2018-09-10T20:07:39Z,,2018-09-10T20:07:39Z,,2007,Esta tesis concluye en que es indispensable orientar la tarea pastoral hacia la formación de discípulos cristianos que puedan trabajar a favor de otros. Estos a su vez trabajarán por otros para lograr un proceso de multiplicación y permanencia.,Doctorado en Ministerio,"Submitted by Lesly Montalvo (leslymontalvof@hotmail.com) on 2018-09-10T20:07:39Z
No. of bitstreams: 1
Tesis Max Oviedo Calles.pdf: 122799203 bytes, checksum: 80676b3b7798a767183ab6e4f088aa35 (MD5)||Made available in DSpace on 2018-09-10T20:07:39Z (GMT). No. of bitstreams: 1
Tesis Max Oviedo Calles.pdf: 122799203 bytes, checksum: 80676b3b7798a767183ab6e4f088aa35 (MD5)
  Previous issue date: 2007",application/pdf,,https://dspace.um.edu.mx/handle/20.500.11972/483,spa,,Retención (Miembros) - Programa||Retención (Miembros) - Adventista del Séptimo Día||Retención (Miembros) - Iglesia Díaz Aragón (Veracruz.),Un programa de retención de miembros para la iglesia de Díaz Aragón aplicable como modelo a otras iglesias,info:eu-repo/semantics/doctoralThesis
a1a3e980-9a6e-4f81-80b3-6859341249d3,20.500.11972/435,,"Velázquez Cárdenas, José Omar",,"López García, Natán",,2018-09-10T20:12:56Z,,2018-09-10T20:12:56Z,,2007,"Esta tesis concluye en que a fin de que los miembros de la iglesia trabajen con mejores resultados, es necesario que los pastores los ayuden a descubrir sus dones espirituales y que les enseñan a ejercitarlos con eficiencia.",Doctorado en Ministerio,"Submitted by Lesly Montalvo (leslymontalvof@hotmail.com) on 2018-09-10T20:12:56Z
No. of bitstreams: 1
Tesis Natan López Garcia.pdf: 61310799 bytes, checksum: 0d5a39f6cecdfeab7847a9b44ffd5e76 (MD5)||Made available in DSpace on 2018-09-10T20:12:56Z (GMT). No. of bitstreams: 1
Tesis Natan López Garcia.pdf: 61310799 bytes, checksum: 0d5a39f6cecdfeab7847a9b44ffd5e76 (MD5)
  Previous issue date: 2007",application/pdf,,https://dspace.um.edu.mx/handle/20.500.11972/484,spa,,"Dones espirituales - Programa||Dones espirituales - Adventista del Séptimo Día||Dones espirituales - Capacitación, instrucción||Dones espirituales - Iglesia de Puebla (México)",Un programa para desarrollar los dones espirituales en la Iglesia Central de la ciudad de Puebla,info:eu-repo/semantics/doctoralThesis
c16995d3-88e0-4f74-be4f-06bb0dd7b4ac,20.500.11972/435,,"Espinosa Almazán, José Mercedes",,"Antonio Jiménez, Nicodemus",,2018-09-10T20:17:26Z,,2018-09-10T20:17:26Z,,2007,"Esta investigación concluye en que los pastores de la Misión Central, al igual que los pastores e otros campos, necesitan motivación continua, tanto en el ámbito material, como espiritual y psicológicos.",Doctorado en Ministerio,"Submitted by Lesly Montalvo (leslymontalvof@hotmail.com) on 2018-09-10T20:17:26Z
No. of bitstreams: 1
Tesis Nicodemus Antonio Jimenez.pdf: 91672407 bytes, checksum: 5f5aff29933976d3f1b0926b1af64b61 (MD5)||Made available in DSpace on 2018-09-10T20:17:26Z (GMT). No. of bitstreams: 1
Tesis Nicodemus Antonio Jimenez.pdf: 91672407 bytes, checksum: 5f5aff29933976d3f1b0926b1af64b61 (MD5)
  Previous issue date: 2007",application/pdf,,https://dspace.um.edu.mx/handle/20.500.11972/485,spa,,"Motivación - Programa||Ministros (Religión) - Motivación||Motivación - Estudio, enseñanza||Ministros (Religión) - Adventista del Séptimo Día",Programa para la motivación de ministros en la Misión Central de la Unión Interoceánica de México,info:eu-repo/semantics/doctoralThesis
a241cc20-0647-4d0b-89b4-1ef29c6f7543,20.500.11972/435,,"Espinosa Almazán, José Mercedes",,"Arroyo Kedney, Agustín Rubén",,2018-09-10T20:34:30Z,,2018-09-10T20:34:30Z,,2012,"Esta tesis menciona muchos aspectos pero uno de los que se tiene como conclusión es que el programa de evangelismo público ''Impacto 2008: Aún hay esperanza'' se convirtió en un bien inicio para este tipo de proyectos en el noreste de México.
En estos eventos futuros se puede aprovechar la experiencia obtenida en este programa de evangelistico e implementar semejantes a este en otros centros urbanos del país y fuera de él.",Doctorado en Ministerio,"Submitted by Lesly Montalvo (leslymontalvof@hotmail.com) on 2018-09-10T20:34:30Z
No. of bitstreams: 1
Tesis SETAI Arroyo Kedney.pdf: 111160355 bytes, checksum: 961c086e5e01272e3cce89c4c2728540 (MD5)||Made available in DSpace on 2018-09-10T20:34:30Z (GMT). No. of bitstreams: 1
Tesis SETAI Arroyo Kedney.pdf: 111160355 bytes, checksum: 961c086e5e01272e3cce89c4c2728540 (MD5)
  Previous issue date: 2012",application/pdf,,https://dspace.um.edu.mx/handle/20.500.11972/491,spa,,Obra evangelística||Evangelismo||Crecimiento de la iglesia,Un programa de evangelismo público para la ciudad de Monterrey en el noreste de México,info:eu-repo/semantics/doctoralThesis
0cf216c4-85e3-4155-b057-23aff9ed828b,20.500.11972/435,,"Espinosa Almazán, José Mercedes",,"Fernández Martínez, Jesús Alberto",,2018-09-10T20:40:34Z,,2018-09-10T20:40:34Z,,2012,"La tesis concluye en que el compromiso y la identidad adventista son predictores de la participación misionera de la feligresía adventista de  Chetumal Quintana Roo, y por ello son áreas que deben tomarse en cuenta en el trabajo pastoral porque, a mayor compromiso e identidad mayor será la participación misionera.",Doctorado en Ministerio,"Submitted by Lesly Montalvo (leslymontalvof@hotmail.com) on 2018-09-10T20:40:34Z
No. of bitstreams: 1
Tesis SETAI Fernandéz Martínez.pdf: 76893602 bytes, checksum: 6492d82f9d34eabeedaff32fc3094b9f (MD5)||Made available in DSpace on 2018-09-10T20:40:34Z (GMT). No. of bitstreams: 1
Tesis SETAI Fernandéz Martínez.pdf: 76893602 bytes, checksum: 6492d82f9d34eabeedaff32fc3094b9f (MD5)
  Previous issue date: 2012",application/pdf,,https://dspace.um.edu.mx/handle/20.500.11972/493,spa,,Usuarios de Internet||Vida espiritual||Estudiantes universitarios||Medios de comunicación de masas y juventud||Vida cristiana,Efectos del uso frecuente de internet en la vida espiritual de los estudiantes de la Universidad de Montemorelos,info:eu-repo/semantics/doctoralThesis
255c21d2-416a-43e4-93c7-b318ad3d4ece,20.500.11972/435,,"Espinosa Almazán, Moisés",,"Jiménez Náñez, José Luis",,2018-09-10T20:44:34Z,,2018-09-10T20:44:34Z,,2012,"Esta tesis destaca la siguiente conclusión: El compromiso y la identidad tienen una estrecha relación con el éxito y productividad de un empresa. A mayores niveles de compromiso-identidad, mayor será la entrega y disposición de parte del obrero.",Doctorado en Ministerio,"Submitted by Lesly Montalvo (leslymontalvof@hotmail.com) on 2018-09-10T20:44:34Z
No. of bitstreams: 1
Tesis SETAI Fernandéz Martínez.pdf: 76893602 bytes, checksum: 6492d82f9d34eabeedaff32fc3094b9f (MD5)||Made available in DSpace on 2018-09-10T20:44:34Z (GMT). No. of bitstreams: 1
Tesis SETAI Fernandéz Martínez.pdf: 76893602 bytes, checksum: 6492d82f9d34eabeedaff32fc3094b9f (MD5)
  Previous issue date: 2012",application/pdf,,https://dspace.um.edu.mx/handle/20.500.11972/494,spa,,Obra evangelística||Evangelismo||Crecimiento de la iglesia||Compromiso (Religión)||Miembros de la iglesia,El compromiso personal y la identidad social en la tarea adventista del séptimo día en Chetumal Quintana Roo México : un estudio,info:eu-repo/semantics/doctoralThesis
ca3c50de-c841-4524-a40a-c57db8814841,20.500.11972/435,,"Espinosa Almazán, José Mercedes",,"López Luna, Antonio",,2018-09-10T20:47:57Z,,2018-09-10T20:47:57Z,,2012,"El estudio concluye que la capacitación que los líderes reciben por parte del pastor obtuvo un grado de regular, Que la motivación que los líderes reciben por parte del pastor obtuvo un grado entre regular y bueno. Y el desempeño obtuvo un nivel de bueno cercano a muy bueno. La capacitación y la motivación que da el pastor son predictorias, si influyen significativamente en el desempeño de los líderes de los grupos pequeños.",Doctorado en Ministerio,"Submitted by Lesly Montalvo (leslymontalvof@hotmail.com) on 2018-09-10T20:47:57Z
No. of bitstreams: 1
Tesis SETAI Lopez Luna.pdf: 88412818 bytes, checksum: f6999752de667c11431771df9586f753 (MD5)||Made available in DSpace on 2018-09-10T20:47:57Z (GMT). No. of bitstreams: 1
Tesis SETAI Lopez Luna.pdf: 88412818 bytes, checksum: f6999752de667c11431771df9586f753 (MD5)
  Previous issue date: 2012",application/pdf,,https://dspace.um.edu.mx/handle/20.500.11972/495,spa,,Liderazgo cristiano||Crecimiento de la iglesia||Iglesia - grupos de trabajo||Grupos pequeños - Adventistas del Séptimo Día,La influencia de la capacitación y de la motivación en el nivel de desempeño de los líderes de los grupos pequeños,info:eu-repo/semantics/doctoralThesis
caf6ab0e-a3ad-417c-8496-d44c42f004b6,20.500.11972/435,,"Espinosa Almazán, José Mercedes",,"Morales Pérez, Luis Alfredo",,2018-09-10T20:53:26Z,,2018-09-10T20:53:26Z,,2012,"A través de la investigación realizada, se determinó que sí existen factores que influyen para que los miembros apostaten. Ya que de las respuestas obtenidas de los ex adventistas que se marcaron de la iglesia se obtuvieron diferentes respuestas.",Doctorado en Ministerio,"Submitted by Lesly Montalvo (leslymontalvof@hotmail.com) on 2018-09-10T20:53:26Z
No. of bitstreams: 1
Tesis SETAI Morales Perez.pdf: 83750057 bytes, checksum: 05850c2dba4aca631506052c79890ff7 (MD5)||Made available in DSpace on 2018-09-10T20:53:26Z (GMT). No. of bitstreams: 1
Tesis SETAI Morales Perez.pdf: 83750057 bytes, checksum: 05850c2dba4aca631506052c79890ff7 (MD5)
  Previous issue date: 2012",application/pdf,,https://dspace.um.edu.mx/handle/20.500.11972/496,spa,,Vida cristiana||Vida espiritual||Asistencia a la iglesia||Crecimiento de la iglesia||Conversos - Adventistas del Séptimo Día,Factores que influyen en los miembros recién convertidos de la Asociación Venezolano Sur Oriental para que apostaten o permanezcan en la fe durante su primer año,info:eu-repo/semantics/doctoralThesis
5ee706fe-7f12-4749-931d-0cfeee56321d,20.500.11972/435,,"Velázquez Cárdenas, José Omar",,"Muñoz Delgado, Javier",,2018-09-10T20:59:52Z,,2018-09-10T20:59:52Z,,2012,"A partir de los resultados obtenidos se concluye que la aptitud financiera es predictora del bienestar financiero. A su vez, la aptitud financiera y el conocimiento doctrinal del diezmo y las ofrendas son predictoras del compromiso de diezmar y ofrendar.",Doctorado en Ministerio,"Submitted by Lesly Montalvo (leslymontalvof@hotmail.com) on 2018-09-10T20:59:52Z
No. of bitstreams: 1
Tesis SETAI Muños Delgado.pdf: 108623045 bytes, checksum: 9ccef2f93cbf40cc53b2a4e3e2bdcce7 (MD5)||Made available in DSpace on 2018-09-10T20:59:52Z (GMT). No. of bitstreams: 1
Tesis SETAI Muños Delgado.pdf: 108623045 bytes, checksum: 9ccef2f93cbf40cc53b2a4e3e2bdcce7 (MD5)
  Previous issue date: 2012",application/pdf,,https://dspace.um.edu.mx/handle/20.500.11972/497,spa,,Finanzas personales||Economía y cristianismo||Mayordomía cristiana,El manejo de las finanzas personales y el bienestar financiero de los miembros de iglesia en la Asociación Azteca de la ciudad de México,info:eu-repo/semantics/doctoralThesis
6728c7e1-7aac-4f93-b8f2-da9dadfa6e22,20.500.11972/435,,"Cortes Valles, Félix Hadid",,"Robles Pérez, Israel",,2018-09-10T21:03:43Z,,2018-09-10T21:03:43Z,,2012,"Al aprobarse estadísticamente las hipótesis d investigación, se puede decir que existen evidencias sólidas de que el contenido de la predicación, basado en los pilares del adventismo, explica positivamente el estilo de vida, el compromiso con la misión y la relación con Cristo.",Doctorado en Ministerio,"Submitted by Lesly Montalvo (leslymontalvof@hotmail.com) on 2018-09-10T21:03:43Z
No. of bitstreams: 1
Tesis SETAI Robles Pérez.pdf: 101159934 bytes, checksum: 87efc1afd861425420d453a145964fb4 (MD5)||Made available in DSpace on 2018-09-10T21:03:43Z (GMT). No. of bitstreams: 1
Tesis SETAI Robles Pérez.pdf: 101159934 bytes, checksum: 87efc1afd861425420d453a145964fb4 (MD5)
  Previous issue date: 2012",application/pdf,,https://dspace.um.edu.mx/handle/20.500.11972/498,spa,,Predicación - Adventistas del Séptimo Día,El contenido de la predicación basado en los pilares teológicos del adventismo y su relación con el estilo de vida el compromiso con la misión y la relación con Cristo en la Asociación Olmeca de México,info:eu-repo/semantics/doctoralThesis
6f1b5aed-605f-4be9-95b3-2d4476d09609,20.500.11972/435,,"Velazquez, Efraín",,"Sebastian Rivera, David Lancelot.",,2018-09-10T21:14:08Z,,2018-09-10T21:14:08Z,,2012,"La investigación concluye que la iglesia a través del servicio comunitario es interactiva y relevante con la comunidad, envuelve una mayor anticipación de miembros en la testificación y logra una buena interacción con la comunidad. También despierta el interés de amigos en la comunidad en temas sobre la Biblia y personas influenciadas por el ambiente que genera el servicio basado en la compasión y como resultado, abren su corazón y llegan a ser miembros de la gran iglesia y familia de Dios.",Doctorado en Ministerio,"Submitted by Lesly Montalvo (leslymontalvof@hotmail.com) on 2018-09-10T21:14:08Z
No. of bitstreams: 1
Tesis SETAI Sebastian Rivera.pdf: 295438312 bytes, checksum: 5ce88a278b1e77bcf3e50317db7089b8 (MD5)||Made available in DSpace on 2018-09-10T21:14:08Z (GMT). No. of bitstreams: 1
Tesis SETAI Sebastian Rivera.pdf: 295438312 bytes, checksum: 5ce88a278b1e77bcf3e50317db7089b8 (MD5)
  Previous issue date: 2012",application/pdf,,https://dspace.um.edu.mx/handle/20.500.11972/500,spa,,Obra evangelística||Evangelismo||Crecimiento de la iglesia||Servicio voluntario||Acción social,La metodología del evangelismo del servicio social basado en la compasión,info:eu-repo/semantics/doctoralThesis
1f006af6-cf13-4077-8a79-b73296aa1308,20.500.11972/435,,"Velázquez Cárdenas, José Omar",,"Vizcaíno López, Saulo",,2018-09-10T21:16:29Z,,2018-09-10T21:16:29Z,,2012,"Este estudio buscó descubrir si la práctica de un estilo de liderazgo pastoral comparable a un modelo bíblico, se relaciona con el crecimiento de la iglesia en aumento de los diezmos, aumento de las ofrendas, alcance de metas de bautismos y el establecimiento de nuevas congregaciones. La práctica de un modelo pastoral comparable al modelo Pedro, se relaciona significativamente con el crecimiento de la iglesia,",Doctorado en Ministerio,"Submitted by Lesly Montalvo (leslymontalvof@hotmail.com) on 2018-09-10T21:16:29Z
No. of bitstreams: 1
Tesis SETAI Vizcaíno López.pdf: 81361880 bytes, checksum: 6e867534882f79106408c19ad647813b (MD5)||Made available in DSpace on 2018-09-10T21:16:29Z (GMT). No. of bitstreams: 1
Tesis SETAI Vizcaíno López.pdf: 81361880 bytes, checksum: 6e867534882f79106408c19ad647813b (MD5)
  Previous issue date: 2012",application/pdf,,https://dspace.um.edu.mx/handle/20.500.11972/501,spa,,Teología pastoral||Liderazgo cristiano||Adventistas del Séptimo Día - Pastores||Crecimiento de la iglesia,Liderazgo pastoral y crecimiento de la Iglesia Adventista en la Asociación Central y la Misión del Sur en la República Dominicana,info:eu-repo/semantics/doctoralThesis
c2affb00-503f-4937-9555-a0c728a2fd64,20.500.11972/435,,"Dzul Trejo, Jorge Rodolfo",,"Castillo Tamayo, Orlando Alejandro",,2018-09-10T21:29:39Z,,2018-09-10T21:29:39Z,,2016,"Por los valores encontrados se determinó que el conocimiento de la doctrina y la identidad con la iglesia son los predictores significativos de la fidelidad de la devolución de los diezmos y ofrendas. Se puede afirmar que lo que determina la fidelidad en la devolución de los diezmos y ofrendas de los directivos y miembros de las iglesias de tres distritos de la ciudad de Campeche, Campeche, México, es que conozcan la doctrina sobre la mayordomía cristiana y mantengan la identidad con la iglesia.",Doctorado en Ministerio,"Submitted by Lesly Montalvo (leslymontalvof@hotmail.com) on 2018-09-10T21:29:39Z
No. of bitstreams: 1
Tesis SETAI Castillo Tamayo.pdf: 73462627 bytes, checksum: a97518fdd128ab34b282710276a905ff (MD5)||Made available in DSpace on 2018-09-10T21:29:39Z (GMT). No. of bitstreams: 1
Tesis SETAI Castillo Tamayo.pdf: 73462627 bytes, checksum: a97518fdd128ab34b282710276a905ff (MD5)
  Previous issue date: 2016",application/pdf,,https://dspace.um.edu.mx/handle/20.500.11972/503,spa,,Diezmos||Mayordomía,"Factores de fidelidad en la devolución de los diezmos y ofrendas de los directivos y miembros de tres distritos de la Iglesia Adventista de la ciudad de Campeche, México",info:eu-repo/semantics/doctoralThesis
9d08d054-2225-49e0-949f-43275d40f1f4,20.500.11972/435,,"Espinosa Almazán, Moisés",,"Celis Aguilar, David",,2018-09-10T21:31:51Z,,2018-09-10T21:31:51Z,,2016,"Con el apoyo de las técnicas estadísticas y para la muestra considerada, se pudo concluir que las variables predictivas estilo de liderazgo y el conocimiento de las doctrinas, tienen un grado de influencia lineal y significativa de la identidad eclesiástica en los miembros de la Iglesia Adventista Central de Tuxtla Gutiérrez en la Asociación Centro de Chiapas, Chiapas, México. Siendo el liderazgo transformacional el que obtuvo más peso en la predicción hacia la identidad eclesiástica.",Doctorado en Ministerio,"Submitted by Lesly Montalvo (leslymontalvof@hotmail.com) on 2018-09-10T21:31:51Z
No. of bitstreams: 1
Tesis SETAI David Aguilar.pdf: 98998293 bytes, checksum: 2729c9d370e76034c45df9b449eb4f68 (MD5)||Made available in DSpace on 2018-09-10T21:31:51Z (GMT). No. of bitstreams: 1
Tesis SETAI David Aguilar.pdf: 98998293 bytes, checksum: 2729c9d370e76034c45df9b449eb4f68 (MD5)
  Previous issue date: 2016",application/pdf,,https://dspace.um.edu.mx/handle/20.500.11972/504,spa,,Adventistas del Séptimo Día,"Dos factores predictores de la identidad eclesiástica validado en miembros de la Iglesia Adventista Central de Tuxtla Gutiérrez, Chiapas, México",info:eu-repo/semantics/doctoralThesis
e159685e-5659-4396-a2a4-c2a80dc8c566,20.500.11972/435,,"Andrade González, Juan José",,"Olvera García, Martín",,2018-09-10T21:33:50Z,,2018-09-10T21:33:50Z,,2016,"Esta tesis tuvo conclusión valores encontrados que determinaron que existe una relación lineal positiva y significativa en grado alto entre la mentalidad pos moderna y la predicación adventista contemporánea tiene un alto grado de predicción o influencia de la predicación adventista contemporánea, de los jóvenes adventistas.",Doctorado en Ministerio,"Submitted by Lesly Montalvo (leslymontalvof@hotmail.com) on 2018-09-10T21:33:50Z
No. of bitstreams: 1
Tesis SETAI Olvera García.pdf: 64312446 bytes, checksum: 0ec1c3b75633b7d7bbc7a3ce4a93ca9b (MD5)||Made available in DSpace on 2018-09-10T21:33:50Z (GMT). No. of bitstreams: 1
Tesis SETAI Olvera García.pdf: 64312446 bytes, checksum: 0ec1c3b75633b7d7bbc7a3ce4a93ca9b (MD5)
  Previous issue date: 2016",application/pdf,,https://dspace.um.edu.mx/handle/20.500.11972/505,spa,,Predicación||Posmodernismo - Aspectos religiosos - Cristianismo,La mentalidad posmoderna de los jóvenes adventistas de la ciudad de Puebla como predictor de la predicación adventista contemporánea,info:eu-repo/semantics/doctoralThesis
a8bcfab0-59ca-4d95-80ae-2d9ce970e660,20.500.11972/435,,"Espinosa Almazán, José Mercedes",,"Silvestre Reyes, Teófilo Alexis",,2018-09-12T21:14:16Z,,2018-09-12T21:14:16Z,,2012,La investigación concluye evidenciando que las características de liderazgo basados en el libro de Nehemías son significativas para la participación de los dirigentes de iglesias de la Asociación Dominicana del Este en el cumplimiento de la misión.,Doctorado en Ministerio,"Submitted by Lesly Montalvo (leslymontalvof@hotmail.com) on 2018-09-12T21:14:16Z
No. of bitstreams: 1
Tesis Teófilo Alexis Silvestre Reyes.pdf: 112805137 bytes, checksum: b75a0f1c4bca1b81745e3f10c851b3ce (MD5)||Made available in DSpace on 2018-09-12T21:14:16Z (GMT). No. of bitstreams: 1
Tesis Teófilo Alexis Silvestre Reyes.pdf: 112805137 bytes, checksum: b75a0f1c4bca1b81745e3f10c851b3ce (MD5)
  Previous issue date: 2012",application/pdf,,https://dspace.um.edu.mx/handle/20.500.11972/590,spa,,Liderazgo cristiano||Biblia. A.T  - Nehemías||Teología pastoral||Crecimiento de la iglesia - Adventistas del Séptimo Día,Características del liderazgo pastoral basadas en el libro de Nehemías y la participación de los dirigentes de iglesias en el cumplimiento de la misión en la Asociación Dominicana del Este,info:eu-repo/semantics/doctoralThesis
4850582b-fe5e-41c5-96f7-78a2fbae0f85,20.500.11972/435,,"Velázquez Cárdenas, José Omar",,"Mejía Mejía, Javier",,2018-09-19T20:47:00Z,,2018-09-19T20:47:00Z,,2012,"Esta investigación buscó conocer la percepción por parte de los pastores a nivel de gestión administrativa del presidente de campo local así como la percepción de ellos como pastores, de su grado de compromiso organizacional y de satisfacción laboral. El grado de calidad de la gestión administrativa del presidente del campo local fue evaluada por los pastores entre buena y muy buena; autoevaluaron su grado de compromiso organizacional en grado muy alto, y manifestaron tener un grado de satisfacción laboral entre satisfechos y muy satisfechos.",Doctorado en Ministerio,"Submitted by Lesly Montalvo (leslymontalvof@hotmail.com) on 2018-09-19T20:47:00Z
No. of bitstreams: 1
Tesis Mejía.pdf: 106967026 bytes, checksum: ea3129da9d45911844cbdfcbab64f97a (MD5)||Made available in DSpace on 2018-09-19T20:47:00Z (GMT). No. of bitstreams: 1
Tesis Mejía.pdf: 106967026 bytes, checksum: ea3129da9d45911844cbdfcbab64f97a (MD5)
  Previous issue date: 2017",application/pdf,,https://dspace.um.edu.mx/handle/20.500.11972/755,spa,,Iglesia  - Administración||Adventistas del Séptimo Día - Gobierno||Ministerio||Teología pastoral||Satisfacción del trabajo||Adventistas del Séptimo Día - Pastores,Calidad de gestión administrativa del presidente de campo local compromiso organizacional y nivel de satisfacción laboral de los pastores adventistas de centroamérica,info:eu-repo/semantics/doctoralThesis
c6fe3127-70e5-417e-b11a-34a0680c737a,20.500.11972/435,,"Espinosa Almazán, José Mercedes",,"Carballo Rodal, Omar",,2018-09-20T21:39:21Z,,2018-09-20T21:39:21Z,,2007,En esta investigación se encontró que las esposas de los pastores de la Unión Mexicana del Norte no manifiestan todos los aspectos negativos que la literatura señala. El grado de satisfacción de las esposas de pastores resultó de 60 por ciento.,Doctorado en Ministerio,"Submitted by Lesly Montalvo (leslymontalvof@hotmail.com) on 2018-09-20T21:39:21Z
No. of bitstreams: 1
Tesis Omar Carballlo Rodal Doctorado.pdf: 27798938 bytes, checksum: 03c920e54732dfc3a4d7f520d77d1e88 (MD5)||Made available in DSpace on 2018-09-20T21:39:21Z (GMT). No. of bitstreams: 1
Tesis Omar Carballlo Rodal Doctorado.pdf: 27798938 bytes, checksum: 03c920e54732dfc3a4d7f520d77d1e88 (MD5)
  Previous issue date: 2007",application/pdf,,https://dspace.um.edu.mx/handle/20.500.11972/786,spa,,Matrimonio - Estudio y enseñanza||Esposas - Satisfacción||Iglesia Adventista del Séptimo Día||Ministros (Religión)  - Adventista del Séptimo Día,La satisfacción matrimonial de las esposas de pastores en la Unión Mexicana del Norte,info:eu-repo/semantics/doctoralThesis
8fa188f1-6e80-4c28-aba4-8e2bb4c4f087,20.500.11972/435,,"Velázquez Cárdenas, José Omar",,"Anaya Pava, Eduardo",,2018-10-08T19:30:24Z,,2018-10-08T19:30:24Z,,2018,"Este trabajo de investigación sostiene que la familia pastoral, enfrenta los mismos desafíos que cualquier otra familia,
pero tiene la responsabilidad de guiar y ayudar a otros hogares para que con la
ayuda de Dios alcancen el ideal bíblico. Es necesario capacitar a los pastores en
los temas encontrados en esta investigación, para también lograr disminuir las
estadísticas de deserciones ministeriales.",Doctorado en Ministerio,"Submitted by Nestor Ramírez (neraz@um.edu.mx) on 2018-10-08T19:30:24Z
No. of bitstreams: 1
Tesis Eduardo  Anaya Pava.pdf: 2293742 bytes, checksum: 811ef753e69d49eda096d9c42d94420a (MD5)||Made available in DSpace on 2018-10-08T19:30:24Z (GMT). No. of bitstreams: 1
Tesis Eduardo  Anaya Pava.pdf: 2293742 bytes, checksum: 811ef753e69d49eda096d9c42d94420a (MD5)
  Previous issue date: 2018",application/pdf,,https://dspace.um.edu.mx/handle/20.500.11972/968,spa,,Pastores||Familia,"Principales dificultades familiares del pastor adventista, dentro del territorio de habla hispana de la División Interamericana en el año 2018",info:eu-repo/semantics/doctoralThesis
08c14e7d-ecd4-407e-ae32-e197a6096ac4,20.500.11972/435,,"Espinosa Almazán, José Mercedes",,"Caballero De Castro, Ricardo Enrique",,2018-10-09T15:25:43Z,,2018-10-09T15:25:43Z,,2018,"Esta investigación sostiene que existen comisiones forman el equipo de trabajo y desarrollo del programa, dependen
directamente del departamento de Ministerio Personal de la iglesia.",Doctorado en Ministerio,"Submitted by Nestor Ramírez (neraz@um.edu.mx) on 2018-10-09T15:25:43Z
No. of bitstreams: 1
Tesis Ricardo Enrique Caballero De Castro.pdf: 12720280 bytes, checksum: db66dd2c67db49a47bcecb25f131dac9 (MD5)||Made available in DSpace on 2018-10-09T15:25:43Z (GMT). No. of bitstreams: 1
Tesis Ricardo Enrique Caballero De Castro.pdf: 12720280 bytes, checksum: db66dd2c67db49a47bcecb25f131dac9 (MD5)
  Previous issue date: 2018",application/pdf,,https://dspace.um.edu.mx/handle/20.500.11972/972,spa,,Discipulado||Miembros de la iglesia||Crecimiento de la iglesia||Adventistas del Séptimo Día,"Programa para discipular a los nuevos creyentes durante su primer año de bautizados en el Distrito de Nueva Vida en la ciudad de Barrancabermeja, Colombia",info:eu-repo/semantics/doctoralThesis
2e57d460-8482-4bf5-997b-908f1e47a8b3,20.500.11972/435,,"Armenta Espinoza, Héctor R.",,"García Pérez, Jorge Alberto",,2018-10-08T19:37:28Z,,2018-10-08T19:37:28Z,,2018,"En este trabajo de investigación se analizó  la importancia de las finanzas en el entorno familiar ya que es innegable
la pertinencia de adoptar los principios que se desprenden de la enseñanza de la
Biblia, que es confirmada por escritores como Elena G. de White, de las esferas
adventista y no adventista.",Doctorado en Ministerio,"Submitted by Nestor Ramírez (neraz@um.edu.mx) on 2018-10-08T19:37:28Z
No. of bitstreams: 1
Tesis JORGE GARCÍA PÉREZ.pdf: 44194989 bytes, checksum: 48028d89e30de44c1bd15e6c804e95b2 (MD5)||Made available in DSpace on 2018-10-08T19:37:28Z (GMT). No. of bitstreams: 1
Tesis JORGE GARCÍA PÉREZ.pdf: 44194989 bytes, checksum: 48028d89e30de44c1bd15e6c804e95b2 (MD5)
  Previous issue date: 2018",application/pdf,,https://dspace.um.edu.mx/handle/20.500.11972/969,spa,,Finanzas personales||Presupuesto personal||Adventistas del Séptimo Día,Un programa de finanzas familiares para los miembros de la iglesia central en la Asociación Azteca,info:eu-repo/semantics/doctoralThesis
aecd8e89-d6e7-4db0-8b91-e4e4b95a7ade,20.500.11972/435,,"Dzul Trejo, Jorge Rodolfo",,"Hernández Cortés, Eliazer",,2018-10-08T19:43:43Z,,2018-10-08T19:43:43Z,,2018,"En esta investigación se aplicó una encuesta desde la cual se establece que el grado de conocimiento en relación
al plan de dadivosidad personal no es tan bajo como para decir que es la razón por la cual hay un bajo
número de ofrendantes, aunque es un hecho que sí afecta. En cuanto a la práctica de ofrendar, la
visitación del pastor es crucial para aumentar el número de participantes en el plan de dadivosidad personal.",Doctorado en Ministerio,"Submitted by Nestor Ramírez (neraz@um.edu.mx) on 2018-10-08T19:43:43Z
No. of bitstreams: 1
Tesis Eliazer Hernández Cortés.pdf: 38512637 bytes, checksum: 442f1e68b801fa9e443b8b4b1c5126c4 (MD5)||Made available in DSpace on 2018-10-08T19:43:43Z (GMT). No. of bitstreams: 1
Tesis Eliazer Hernández Cortés.pdf: 38512637 bytes, checksum: 442f1e68b801fa9e443b8b4b1c5126c4 (MD5)
  Previous issue date: 2018",application/pdf,,https://dspace.um.edu.mx/handle/20.500.11972/970,spa,,Diezmos||Iglesia - Finanzas||Mayordomía cristiana||Adventistas del Séptimo Día,Un programa para incrementar el número de participantes en el plan de dadivosidad personal en la iglesia central de Puebla en 2017,info:eu-repo/semantics/doctoralThesis
88eda26d-1309-4b12-bedb-99268c044549,20.500.11972/435,,"Espinosa Almazán, José Mercedes",,"Bolaños Jiménez, Jacob Aurelio",,2018-10-08T19:46:37Z,,2018-10-08T19:46:37Z,,2018,"Al llegar al final del estudio sobre el enfoque correcto de la misión en el
evangelismo y plantando iglesias a través de los grupos pequeños, se deja en
claro varios punto a manera de conclusiones como por ejemplo: Antes de iniciar cualquier método, es necesario entender porqué se
plantan iglesias, la visión correcta impulsa los objetivos correctos, la misión no solo incluye levantar una nueva congregación, sino formar
discípulos que tengan ese mismo objetivo entre otros puntos.",Doctorado en Ministerio,"Submitted by Nestor Ramírez (neraz@um.edu.mx) on 2018-10-08T19:46:37Z
No. of bitstreams: 1
Tesis JACOB AURELIO BOÑALOS.pdf: 19253819 bytes, checksum: c78fa76757d19e3763a6cf54ff96bee9 (MD5)||Made available in DSpace on 2018-10-08T19:46:37Z (GMT). No. of bitstreams: 1
Tesis JACOB AURELIO BOÑALOS.pdf: 19253819 bytes, checksum: c78fa76757d19e3763a6cf54ff96bee9 (MD5)
  Previous issue date: 2018",application/pdf,,https://dspace.um.edu.mx/handle/20.500.11972/971,spa,,Iglesia - Grupos de trabajo||Trabajo de la iglesia||Iglesia - Misión||Adventistas del Séptimo Día - Misión,Programa de instruccion para la plantacion de nuevas iglesias a traves de los grupos pequeños en la Asociacion Azteca,info:eu-repo/semantics/doctoralThesis
d93b5962-9014-4871-88cd-e2a0b783420a,20.500.11972/435,,"Quiyono, Esteban",,"Willems, Shelwin",,2018-10-09T15:29:01Z,,2018-10-09T15:29:01Z,,2018,"Por medio de esta investigación se concluyó la validación dos escalas: La Escala Modelaje Cristiano de los Padres y La Escala
Compromiso de los Hijos con la Iglesia. Se analizaron mediante el método de extracción de
Análisis de Componentes Principales, con rotación Varimax.",Doctorado en Ministerio,"Submitted by Nestor Ramírez (neraz@um.edu.mx) on 2018-10-09T15:29:01Z
No. of bitstreams: 1
Tesis Shelwin Willems.pdf: 3175096 bytes, checksum: d63be3b4bbfc5cd3e18388c310e4144c (MD5)||Made available in DSpace on 2018-10-09T15:29:01Z (GMT). No. of bitstreams: 1
Tesis Shelwin Willems.pdf: 3175096 bytes, checksum: d63be3b4bbfc5cd3e18388c310e4144c (MD5)
  Previous issue date: 2018",application/pdf,,https://dspace.um.edu.mx/handle/20.500.11972/973,spa,,Discipulado||Miembros de la iglesia||Crecimiento de la iglesia||Adventistas del Séptimo Día,El modelaje de la vida cristiana de los padres y el compromiso de los hijos con la iglesia,info:eu-repo/semantics/doctoralThesis
2ccd3264-d46a-4c5c-bee6-22c6456253c1,20.500.11972/435,"Velázquez Cárdenas, José Omar",,"Gómez Cruz, Hipólito",,2018-10-09T15:34:33Z,,2018-10-09T15:34:33Z,,2018,,"Con el apoyo de las técnicas estadísticas se analizaron los datos para la
muestra considerada, y se pudo concluir que el conocimiento doctrinal del diezmo
y la consagración total a Dios ejercen una influencia lineal positiva y significativa
sobre la fidelidad en la devolución de los diezmos en las unidades financieras de
las iglesias de los tres distritos de Raudales Malpaso, de la Asociación Oeste de
Chiapas. Al considerar los coeficientes se encontró que la consagración total a
Dios es la que tiene mejor peso (importancia) hacia la fidelidad en la devolución de
los diezmos.",Doctorado en Ministerio,"Submitted by Nestor Ramírez (neraz@um.edu.mx) on 2018-10-09T15:34:33Z
No. of bitstreams: 1
Tesis Hipólito Gómez Cruz.pdf: 1764958 bytes, checksum: 6b32a954557438d732a7f6861c24135e (MD5)||Made available in DSpace on 2018-10-09T15:34:33Z (GMT). No. of bitstreams: 1
Tesis Hipólito Gómez Cruz.pdf: 1764958 bytes, checksum: 6b32a954557438d732a7f6861c24135e (MD5)
  Previous issue date: 2018",application/pdf,https://dspace.um.edu.mx/handle/20.500.11972/975,,spa,,Diezmos||Iglesia - Finanzas||Mayordomía cristiana||Adventistas del Séptimo Día,"Factores predictores de la fidelidad en la devolución de los diezmos en las unidades financieras de las iglesias de los tres distritos de Raudales Malpaso, de la Asociación oeste de Chiapas",info:eu-repo/semantics/doctoralThesis
50d3aed1-14fc-40b8-a667-ce221d46e5e7,20.500.11972/435,,"López Yáñez, Isidro",,"Alcázar Salas, Cuitláhuac Job",,2018-10-12T13:56:58Z,,2018-10-12T13:56:58Z,,2018,"Con ayuda del programa estadístico y para la muestra considerada de
miembros, se pudo concluir que la variable predictora relaciones humanas es la
que manifestó un grado de influencia lineal y significativa sobre la permanencia
en la iglesia de los miembros de la Iglesia Adventista de la Asociación
Metropolitana de la Ciudad de México, en el año 2016-2017. La variable
conocimiento de la doctrina no fue significativo.",Doctorado en Ministerio,"Submitted by Nestor Ramírez (neraz@um.edu.mx) on 2018-10-12T13:56:58Z
No. of bitstreams: 1
TesisCuitláhuac Job Alcázar Salas.pdf: 1524111 bytes, checksum: 8115d665146af5d832a585f55821e48c (MD5)||Made available in DSpace on 2018-10-12T13:56:58Z (GMT). No. of bitstreams: 1
TesisCuitláhuac Job Alcázar Salas.pdf: 1524111 bytes, checksum: 8115d665146af5d832a585f55821e48c (MD5)
  Previous issue date: 2018",application/pdf,,https://dspace.um.edu.mx/handle/20.500.11972/976,spa,,Miembros de la iglesia||Asistencia a la iglesia||Adventistas del Séptimo Día,Factores predictores de la permanencia en la iglesia en los miembros de la Asociación Metropolitana de la Ciudad de México,info:eu-repo/semantics/doctoralThesis
d8643ecd-b530-4f66-b39a-72ce282dd7bd,20.500.11972/435,,"Cortes Valles, Félix Hadid",,"Santos Mena, Abner De los",,2018-09-10T20:38:13Z,,2018-09-10T20:38:13Z,,2012,"El propósito de esta tesis fue diseñar un sistema de evaluación integral del desempeño ministerial para la Iglesia Adventista del Séptimo Día en la Unión Mexicana del Norte (UMN). Se busca que este sistema de evaluación contribuya al desempeño eficiente y satisfactorio de los pastores y a su bienestar personal, de sus familias y de la iglesia.",Doctorado en Ministerio,"Submitted by Lesly Montalvo (leslymontalvof@hotmail.com) on 2018-09-10T20:38:13Z
No. of bitstreams: 1
Tesis SETAI De los Santos Mene.pdf: 110186025 bytes, checksum: dc82e17a6f1d1f508fb23cf19dd39ba9 (MD5)||Made available in DSpace on 2018-09-10T20:38:13Z (GMT). No. of bitstreams: 1
Tesis SETAI De los Santos Mene.pdf: 110186025 bytes, checksum: dc82e17a6f1d1f508fb23cf19dd39ba9 (MD5)
  Previous issue date: 2012",application/pdf,,https://dspace.um.edu.mx/handle/20.500.11972/492,spa,,Adventistas del Séptimo Día - Pastores||Teología pastoral,Hacia un proceso de evaluación integral del desempeño ministerial de los pastores de la Iglesia Adventista del Séptimo Día en la Unión Mexicana del Norte,info:eu-repo/semantics/doctoralThesis
eca506cf-8d58-4e3d-89e0-a518a3c6ace5,20.500.11972/435,,"Cortes Valles, Félix Hadid",,"Sánchez Álvares, Abel",,2018-09-10T21:10:44Z,,2018-09-10T21:10:44Z,,2012,"Las relaciones interpersonales han sido estudiadas para el crecimiento de la iglesia. Estos estudios no han sido validados en México en un contexto adventista; además, no se ha explorado cómo las relaciones cercanas se correlacionan con la espiritualidad del frasco y el testimonio relacional.",Doctorado en Ministerio,"Submitted by Lesly Montalvo (leslymontalvof@hotmail.com) on 2018-09-10T21:10:44Z
No. of bitstreams: 1
Tesis SETAI Sanchez Alvarez (1).pdf: 129093967 bytes, checksum: 7406354cca7341a0095fa9b6659e1855 (MD5)||Made available in DSpace on 2018-09-10T21:10:44Z (GMT). No. of bitstreams: 1
Tesis SETAI Sanchez Alvarez (1).pdf: 129093967 bytes, checksum: 7406354cca7341a0095fa9b6659e1855 (MD5)
  Previous issue date: 2012",application/pdf,,https://dspace.um.edu.mx/handle/20.500.11972/499,spa,,Vida espiritual||Miembros de la iglesia||Relaciones interpersonales||Obra evangelística||Crecimiento de la iglesia||Vida cristiana,Relaciones cercanas espiritualidad vital y testificación relacional manifestadas en miembros de la ciudad de México,info:eu-repo/semantics/doctoralThesis
3f703aa8-b9cf-4b77-ae92-dfcf729607a2,20.500.11972/435,,"Espinosa Almazán, Moisés",,"Ramírez Ramírez, Atanacio",,2018-10-09T15:32:03Z,,2018-10-09T15:32:03Z,,2018,"Con el apoyo de las técnicas estadísticas y para la muestra considerada,
se pudo concluir que la variable predictora obra misionera tiene un grado de
influencia lineal y significativa sobre la permanencia en la iglesia en los miembros
de la iglesia adventista en San Cristóbal de las Casas, en la Asociación
Altos de Chiapas, Chiapas, México. Mientras que las variables estudio de la
Biblia y compañerismo cristiano no resultaron predictoras hacia la permanencia
en la iglesia.",Doctorado en Ministerio,"Submitted by Nestor Ramírez (neraz@um.edu.mx) on 2018-10-09T15:32:03Z
No. of bitstreams: 1
Tesis Atanacio Ramírez Ramírez.pdf: 2604060 bytes, checksum: fef424b26269866ac18fa068f8d0f00a (MD5)||Made available in DSpace on 2018-10-09T15:32:03Z (GMT). No. of bitstreams: 1
Tesis Atanacio Ramírez Ramírez.pdf: 2604060 bytes, checksum: fef424b26269866ac18fa068f8d0f00a (MD5)
  Previous issue date: 2018",application/pdf,,https://dspace.um.edu.mx/handle/20.500.11972/974,spa,,Miembros de la iglesia||Asistencia a la iglesia||Adventistas del Séptimo Día,"Predictores de la permanencia en la iglesia validados en los miembros adventistas de San Cristobal de las Casas, Chiapas, México",info:eu-repo/semantics/doctoralThesis
3f26f61c-c4b4-4cbe-95a3-9eb1dd103ac2,20.500.11972/435,,"López Yáñez, Isidro",,"Omaña Pliego, Aarón",,2018-09-06T22:40:53Z,,2018-09-06T22:40:53Z,,2007,"Una de las conclusiones destacadas de esta tesis es la participación del pastor y del líder del grupo juega un papel determinante en el éxito o en el fracaso de los grupos pequeños. Puede haber buenos planes, pero si el pastor de la iglesia no se involucra lo más probable es que los grupos dejen de cumplir con sus objetivos y finalmente terminen estacados. Por lo señalado anteriormente, resulta necesario tener pastores y lideres capacitados y comprometidos a trabajar con los grupos pequeños.",Doctorado en Ministerio,"Submitted by Lesly Montalvo (leslymontalvof@hotmail.com) on 2018-09-06T22:40:53Z
No. of bitstreams: 1
Tesis Aron Omaña Pliego.pdf: 91091278 bytes, checksum: 6527210f081d8e80ba2890bd47de91e6 (MD5)||Made available in DSpace on 2018-09-06T22:40:53Z (GMT). No. of bitstreams: 1
Tesis Aron Omaña Pliego.pdf: 91091278 bytes, checksum: 6527210f081d8e80ba2890bd47de91e6 (MD5)
  Previous issue date: 2007",application/pdf,,https://dspace.um.edu.mx/handle/20.500.11972/447,spa,,Grupos pequeños - Programa||Evangelismo||Grupos pequeños - Iglesia Adventista del Séptimo Día||Grupos pequeños - Iglesia Boca del Río (Veracruz),"Implementación de un programa de evangelismo a través de grupos pequeños en las iglesias de Boca del Río, Veracruz",info:eu-repo/semantics/doctoralThesis
1ab38cb4-f90e-4e0e-a2e8-c322f6b0267e,20.500.11972/435,,"López Yáñez, Isidro",,"Sandoval Jiménez, Abraham",,2018-09-06T22:33:52Z,,2018-09-06T22:33:52Z,,2007,Esta tesis concluye en que el evangelismo personal es una magnífica forma de cumplir la misión porque ayuda a superar muchas barreras que otras formas de evangelismo presentan.,Doctorado en Ministerio,"Submitted by Lesly Montalvo (leslymontalvof@hotmail.com) on 2018-09-06T22:33:52Z
No. of bitstreams: 1
Tesis Abraham Sandoval Jimenez.pdf: 108461784 bytes, checksum: f76ffdcfc489b06960e4600720e39874 (MD5)||Made available in DSpace on 2018-09-06T22:33:52Z (GMT). No. of bitstreams: 1
Tesis Abraham Sandoval Jimenez.pdf: 108461784 bytes, checksum: f76ffdcfc489b06960e4600720e39874 (MD5)
  Previous issue date: 2007",application/pdf,,https://dspace.um.edu.mx/handle/20.500.11972/445,spa,,Evangelismo - Programa||Evangelismo - Iglesia de Cárdenas (Tabasco)||Adventista del Séptimo Día - Evangelismo,Un seminario para incrementar la participación en evangelismo personal en la iglesia central de Cardenas,info:eu-repo/semantics/doctoralThesis
4955252c-f7cf-4762-add8-94170d4bd5f3,20.500.11972/436,,"Torreblanca, Jorge",,"Regis Álvarez, Anigiselle",,2018-09-12T19:57:38Z,,2018-09-12T19:57:38Z,,2017,"En el capítulo 16 de su libro, Ezequiel redacta la historia de Jerusalén por
medio de una metáfora. Jerusalén es simbolizada por una mujer y su historia se
convierte en la historia que se lleva a cabo en la vida de dicha mujer. La relación que
se desarrolla entre ella y Dios conlleva ciertos niveles de responsabilidad y
compromiso de parte de ambos. Esta interesante historia, lamentablemente, se convierte en un capítulo
controversial y el valor del contenido es muchas veces subestimado. Tanto
feministas como machistas lo usan para apoyar teorías extremas y su alto contenido
de lenguaje sexual explícito hace que muchos quieran evitar la lectura del capítulo y
su uso en las enseñanzas y predicaciones eclesiásticas.","Maestría en Artes, Estudios Bíblicos Teológico","Submitted by Lesly Montalvo (leslymontalvof@hotmail.com) on 2018-09-12T19:57:38Z
No. of bitstreams: 2
Tesis Anigiselle Regis Álvarez_Spanish (1).pdf: 1458277 bytes, checksum: ad79636ea5a4140caa6c320e39b51f17 (MD5)
Tesis Anigiselle Regis Álvarez_ English (1).pdf: 1412804 bytes, checksum: 0cef45d785dd6fd5bf656d0940bb3a5e (MD5)||Made available in DSpace on 2018-09-12T19:57:38Z (GMT). No. of bitstreams: 2
Tesis Anigiselle Regis Álvarez_Spanish (1).pdf: 1458277 bytes, checksum: ad79636ea5a4140caa6c320e39b51f17 (MD5)
Tesis Anigiselle Regis Álvarez_ English (1).pdf: 1412804 bytes, checksum: 0cef45d785dd6fd5bf656d0940bb3a5e (MD5)
  Previous issue date: 2017",application/pdf,,https://dspace.um.edu.mx/handle/20.500.11972/576,spa,,"Biblia - A.T. - Ezequiel, XVI - Crítica, interpretación, etc||Simbolismo en la biblia||Jerusalén en la biblia",Reconstrucción histórico-metafórica de Jerusalén como esposa y madre basada en Ezequiel 16 = Historical-metaphorical Reconstruction of Jerusalem as Wife and Mother Based on Ezekiel 16,info:eu-repo/semantics/masterThesis
